0x00100298	FUN_00100298
0x00100338	FUN_00100338
0x00100590	FUN_00100590
0x00100648	FUN_00100648
0x001006e8	FUN_001006e8
0x00100768	FUN_00100768
0x001007c0	FUN_001007c0
0x00100838	FUN_00100838
0x00100b50	FUN_00100b50
0x00100b70	FUN_00100b70
0x00100ce0	FUN_00100ce0
0x00100d78	FUN_00100d78
0x00100e18	FUN_00100e18
0x00100e88	FUN_00100e88
0x001010a8	FUN_001010a8
0x00101388	FUN_00101388
0x00101580	FUN_00101580
0x00101788	FUN_00101788
0x00101968	FUN_00101968
0x00101a38	FUN_00101a38
0x00101ae8	FUN_00101ae8
0x00101b80	FUN_00101b80
0x00101c38	FUN_00101c38
0x00101d08	FUN_00101d08
0x00101e00	FUN_00101e00
0x00101e70	FUN_00101e70
0x00101ef8	FUN_00101ef8
0x00101f20	FUN_00101f20
0x00101f58	FUN_00101f58
0x00101f80	FUN_00101f80
0x00102060	FUN_00102060
0x00102288	FUN_00102288
0x001022f0	FUN_001022f0
0x00102368	FUN_00102368
0x001023e0	FUN_001023e0
0x00102428	FUN_00102428
0x001024a8	FUN_001024a8
0x00102528	FUN_00102528
0x00102560	FUN_00102560
0x00102598	FUN_00102598
0x00102648	FUN_00102648
0x00102660	FUN_00102660
0x00102678	FUN_00102678
0x001026a0	FUN_001026a0
0x00102790	FUN_00102790
0x001027c8	FUN_001027c8
0x00102830	FUN_00102830
0x001028e8	FUN_001028e8
0x00102940	FUN_00102940
0x00102b70	FUN_00102b70
0x00103dd8	FUN_00103dd8
0x00103de0	FUN_00103de0
0x00103de8	FUN_00103de8
0x00103df8	FUN_00103df8
0x00103fa8	FUN_00103fa8
0x001040c0	FUN_001040c0
0x001041f8	FUN_001041f8
0x00104258	FUN_00104258
0x001042d0	FUN_001042d0
0x001043c8	FUN_001043c8
0x00104408	FUN_00104408
0x00104498	FUN_00104498
0x00104550	FUN_00104550
0x00104630	FUN_00104630
0x001046b0	FUN_001046b0
0x001047d0	FUN_001047d0
0x00104ac8	FUN_00104ac8
0x00104c38	FUN_00104c38
0x001050e8	FUN_001050e8
0x00105148	FUN_00105148
0x00105250	FUN_00105250
0x00105630	FUN_00105630
0x001056c8	FUN_001056c8
0x00105750	FUN_00105750
0x001057a0	FUN_001057a0
0x001058e8	FUN_001058e8
0x00105908	FUN_00105908
0x00105998	FUN_00105998
0x001059a8	FUN_001059a8
0x001059d0	FUN_001059d0
0x001059f0	FUN_001059f0
0x00105a50	FUN_00105a50
0x00105ba8	FUN_00105ba8
0x00105c10	FUN_00105c10
0x00105dd8	FUN_00105dd8
0x00105e30	FUN_00105e30
0x00105e78	FUN_00105e78
0x001060d0	FUN_001060d0
0x001067f8	FUN_001067f8
0x00106830	FUN_00106830
0x00106910	FUN_00106910
0x001069a8	FUN_001069a8
0x00106a58	FUN_00106a58
0x00106b60	FUN_00106b60
0x00106c20	FUN_00106c20
0x00106ca0	FUN_00106ca0
0x00106cf0	FUN_00106cf0
0x00106d98	FUN_00106d98
0x00106dc8	FUN_00106dc8
0x00106ed0	FUN_00106ed0
0x00107000	FUN_00107000
0x00107080	FUN_00107080
0x00107140	FUN_00107140
0x00107178	FUN_00107178
0x00107388	FUN_00107388
0x00107488	FUN_00107488
0x001075e0	FUN_001075e0
0x00107648	FUN_00107648
0x001077d8	FUN_001077d8
0x001078a8	FUN_001078a8
0x00107a40	FUN_00107a40
0x00107bc8	FUN_00107bc8
0x00107c98	FUN_00107c98
0x00107d08	FUN_00107d08
0x00107d68	FUN_00107d68
0x00107dc8	FUN_00107dc8
0x00107e38	FUN_00107e38
0x00108840	FUN_00108840
0x001088a8	FUN_001088a8
0x00108908	FUN_00108908
0x00108970	FUN_00108970
0x00108f10	FUN_00108f10
0x00108f48	FUN_00108f48
0x001090c8	FUN_001090c8
0x00109110	FUN_00109110
0x00109150	FUN_00109150
0x001091a8	FUN_001091a8
0x00109278	FUN_00109278
0x00109340	FUN_00109340
0x001093b0	FUN_001093b0
0x00109430	FUN_00109430
0x00109508	FUN_00109508
0x001095a0	FUN_001095a0
0x001095c0	FUN_001095c0
0x00109628	FUN_00109628
0x00109688	FUN_00109688
0x00109728	FUN_00109728
0x001097c0	FUN_001097c0
0x00109868	FUN_00109868
0x001098d0	FUN_001098d0
0x00109950	FUN_00109950
0x001099b8	FUN_001099b8
0x001099d8	FUN_001099d8
0x00109ab0	FUN_00109ab0
0x00109d70	FUN_00109d70
0x00109eb8	FUN_00109eb8
0x0010a050	FUN_0010a050
0x0010a188	FUN_0010a188
0x0010a338	FUN_0010a338
0x0010a4f0	FUN_0010a4f0
0x0010a6b0	FUN_0010a6b0
0x0010a700	FUN_0010a700
0x0010a788	FUN_0010a788
0x0010b6a0	FUN_0010b6a0
0x0010b6f0	FUN_0010b6f0
0x0010b7d8	FUN_0010b7d8
0x0010ba10	FUN_0010ba10
0x0010ba40	FUN_0010ba40
0x0010bc70	FUN_0010bc70
0x0010bca0	FUN_0010bca0
0x0010bcf0	FUN_0010bcf0
0x0010bdd8	FUN_0010bdd8
0x0010bf60	FUN_0010bf60
0x0010bfa8	FUN_0010bfa8
0x0010c060	FUN_0010c060
0x0010c0d8	FUN_0010c0d8
0x0010d748	FUN_0010d748
0x0010d908	FUN_0010d908
0x0010d9e8	FUN_0010d9e8
0x0010e678	FUN_0010e678
0x0010e778	FUN_0010e778
0x0010e7d0	FUN_0010e7d0
0x0010e828	FUN_0010e828
0x0010e888	FUN_0010e888
0x0010e998	FUN_0010e998
0x0010ea10	FUN_0010ea10
0x0010f0a8	FUN_0010f0a8
0x0010f738	FUN_0010f738
0x0010fcb8	FUN_0010fcb8
0x00110220	FUN_00110220
0x001102c8	FUN_001102c8
0x001103b0	FUN_001103b0
0x001104c8	FUN_001104c8
0x00110540	FUN_00110540
0x00110668	FUN_00110668
0x00110720	FUN_00110720
0x00110780	FUN_00110780
0x001107b0	FUN_001107b0
0x001107f0	FUN_001107f0
0x001108c8	FUN_001108c8
0x00110988	FUN_00110988
0x00110be8	FUN_00110be8
0x00110c40	FUN_00110c40
0x00110ca8	FUN_00110ca8
0x00110f30	FUN_00110f30
0x00111070	FUN_00111070
0x00111190	FUN_00111190
0x001111e0	FUN_001111e0
0x00111298	FUN_00111298
0x00111338	FUN_00111338
0x00111368	FUN_00111368
0x001113c0	FUN_001113c0
0x00111460	FUN_00111460
0x001115f0	FUN_001115f0
0x00111600	FUN_00111600
0x00111668	FUN_00111668
0x00111700	FUN_00111700
0x00111a18	FUN_00111a18
0x00111c00	FUN_00111c00
0x00111d80	FUN_00111d80
0x00111e20	FUN_00111e20
0x00111e98	FUN_00111e98
0x00111f10	FUN_00111f10
0x00111ff8	FUN_00111ff8
0x00112148	FUN_00112148
0x001121b0	FUN_001121b0
0x00112228	FUN_00112228
0x00112d20	FUN_00112d20
0x00112d30	FUN_00112d30
0x00112dc0	FUN_00112dc0
0x00112e68	FUN_00112e68
0x00112ee8	FUN_00112ee8
0x00112f60	FUN_00112f60
0x00112f88	FUN_00112f88
0x00112f98	FUN_00112f98
0x00112fa0	FUN_00112fa0
0x00113050	FUN_00113050
0x00113058	FUN_00113058
0x00113078	FUN_00113078
0x001130a0	FUN_001130a0
0x001130c8	FUN_001130c8
0x001130f0	FUN_001130f0
0x00113198	FUN_00113198
0x00113230	FUN_00113230
0x001132d8	FUN_001132d8
0x00113380	FUN_00113380
0x001133e8	FUN_001133e8
0x00113450	FUN_00113450
0x001134b8	FUN_001134b8
0x00113520	FUN_00113520
0x00113540	FUN_00113540
0x00113560	FUN_00113560
0x00113580	FUN_00113580
0x001135a0	FUN_001135a0
0x00113678	FUN_00113678
0x00113750	FUN_00113750
0x001137e8	FUN_001137e8
0x00113868	FUN_00113868
0x00113900	FUN_00113900
0x001139c8	FUN_001139c8
0x001139f0	FUN_001139f0
0x00113a38	FUN_00113a38
0x00113a60	FUN_00113a60
0x00113a90	FUN_00113a90
0x00113ab8	FUN_00113ab8
0x00113ae8	FUN_00113ae8
0x00113b10	FUN_00113b10
0x00113b48	FUN_00113b48
0x00113bb0	FUN_00113bb0
0x00113bd8	FUN_00113bd8
0x00113c00	FUN_00113c00
0x00113c28	FUN_00113c28
0x00113c50	FUN_00113c50
0x00113c90	FUN_00113c90
0x00113cd0	FUN_00113cd0
0x00113e68	FUN_00113e68
0x00113fe0	FUN_00113fe0
0x001140b0	FUN_001140b0
0x00114170	FUN_00114170
0x001141b0	FUN_001141b0
0x00114260	FUN_00114260
0x00114298	FUN_00114298
0x00114330	FUN_00114330
0x00114498	FUN_00114498
0x00114a90	FUN_00114a90
0x00114ac8	FUN_00114ac8
0x00114b58	FUN_00114b58
0x00114ba0	FUN_00114ba0
0x00114e20	FUN_00114e20
0x00114e88	FUN_00114e88
0x00114f00	FUN_00114f00
0x00114f50	FUN_00114f50
0x00115088	FUN_00115088
0x001150c8	FUN_001150c8
0x00115108	FUN_00115108
0x00115250	FUN_00115250
0x00115300	FUN_00115300
0x001154a0	FUN_001154a0
0x001154c8	FUN_001154c8
0x00115570	FUN_00115570
0x00115590	FUN_00115590
0x001155c0	FUN_001155c0
0x00115600	FUN_00115600
0x001156d0	FUN_001156d0
0x00115710	FUN_00115710
0x001157e0	FUN_001157e0
0x00115938	FUN_00115938
0x00115988	FUN_00115988
0x001159c8	FUN_001159c8
0x00115a98	FUN_00115a98
0x00115c68	FUN_00115c68
0x00115e60	FUN_00115e60
0x00115ea0	FUN_00115ea0
0x00115f38	FUN_00115f38
0x00116008	FUN_00116008
0x001160a0	FUN_001160a0
0x00116130	FUN_00116130
0x00116188	FUN_00116188
0x00116350	FUN_00116350
0x00116390	FUN_00116390
0x001163f0	FUN_001163f0
0x00116478	FUN_00116478
0x001164e8	FUN_001164e8
0x001168a0	FUN_001168a0
0x001168f0	FUN_001168f0
0x00116920	FUN_00116920
0x00116930	FUN_00116930
0x001169d8	FUN_001169d8
0x00116a20	FUN_00116a20
0x00116c28	FUN_00116c28
0x00116cb8	FUN_00116cb8
0x00116cf0	FUN_00116cf0
0x00116f78	FUN_00116f78
0x001170f8	FUN_001170f8
0x00117330	FUN_00117330
0x00117590	FUN_00117590
0x00117850	FUN_00117850
0x00117bc8	FUN_00117bc8
0x00117da8	FUN_00117da8
0x00117f50	FUN_00117f50
0x00117f70	FUN_00117f70
0x00118120	FUN_00118120
0x00118140	FUN_00118140
0x001183b0	FUN_001183b0
0x001184d0	FUN_001184d0
0x001184f0	FUN_001184f0
0x001185b8	FUN_001185b8
0x00118720	FUN_00118720
0x00118878	FUN_00118878
0x00118a18	FUN_00118a18
0x00118c58	FUN_00118c58
0x00118e48	FUN_00118e48
0x00118e68	FUN_00118e68
0x00119000	FUN_00119000
0x00119270	FUN_00119270
0x00119290	FUN_00119290
0x001194c8	FUN_001194c8
0x00119700	FUN_00119700
0x001198e0	FUN_001198e0
0x00119aa8	FUN_00119aa8
0x00119b30	FUN_00119b30
0x00119ba0	FUN_00119ba0
0x00119c20	FUN_00119c20
0x00119c98	FUN_00119c98
0x00119cb8	FUN_00119cb8
0x00119da8	FUN_00119da8
0x00119e18	FUN_00119e18
0x00119e88	FUN_00119e88
0x00119ef8	FUN_00119ef8
0x00119f78	FUN_00119f78
0x00119ff8	FUN_00119ff8
0x0011a0f8	FUN_0011a0f8
0x0011a188	FUN_0011a188
0x0011a1c0	FUN_0011a1c0
0x0011a3c8	FUN_0011a3c8
0x0011a5d0	FUN_0011a5d0
0x0011a660	FUN_0011a660
0x0011a700	FUN_0011a700
0x0011a790	FUN_0011a790
0x0011a7b0	FUN_0011a7b0
0x0011a7d0	FUN_0011a7d0
0x0011a9f8	FUN_0011a9f8
0x0011aa18	FUN_0011aa18
0x0011aa38	FUN_0011aa38
0x0011ab40	FUN_0011ab40
0x0011ab88	FUN_0011ab88
0x0011ac78	FUN_0011ac78
0x0011ad58	FUN_0011ad58
0x0011aeb0	FUN_0011aeb0
0x0011aed8	FUN_0011aed8
0x0011af28	FUN_0011af28
0x0011b038	FUN_0011b038
0x0011b120	FUN_0011b120
0x0011b188	FUN_0011b188
0x0011b280	FUN_0011b280
0x0011b310	FUN_0011b310
0x0011b350	FUN_0011b350
0x0011b8e0	FUN_0011b8e0
0x0011b938	FUN_0011b938
0x0011b950	FUN_0011b950
0x0011b9a8	FUN_0011b9a8
0x0011ba30	FUN_0011ba30
0x0011ba40	FUN_0011ba40
0x0011ba78	FUN_0011ba78
0x0011bb88	FUN_0011bb88
0x0011bbf0	FUN_0011bbf0
0x0011bc48	FUN_0011bc48
0x0011bcb0	FUN_0011bcb0
0x0011bd60	FUN_0011bd60
0x0011bdb0	FUN_0011bdb0
0x0011bf40	FUN_0011bf40
0x0011bf88	FUN_0011bf88
0x0011bfb0	FUN_0011bfb0
0x0011c010	FUN_0011c010
0x0011c068	FUN_0011c068
0x0011c140	FUN_0011c140
0x0011c1b0	FUN_0011c1b0
0x0011c1c0	FUN_0011c1c0
0x0011c1d0	FUN_0011c1d0
0x0011c1e0	FUN_0011c1e0
0x0011c338	FUN_0011c338
0x0011c420	FUN_0011c420
0x0011c4b0	FUN_0011c4b0
0x0011c530	FUN_0011c530
0x0011c6c0	FUN_0011c6c0
0x0011c748	FUN_0011c748
0x0011c780	FUN_0011c780
0x0011ca20	FUN_0011ca20
0x0011ca70	FUN_0011ca70
0x0011caf0	FUN_0011caf0
0x0011cb60	FUN_0011cb60
0x0011cba8	FUN_0011cba8
0x0011cc48	FUN_0011cc48
0x0011cc98	FUN_0011cc98
0x0011cce8	FUN_0011cce8
0x0011cd48	FUN_0011cd48
0x0011cdf8	FUN_0011cdf8
0x0011ce48	FUN_0011ce48
0x0011cf10	FUN_0011cf10
0x0011cf60	FUN_0011cf60
0x0011d030	FUN_0011d030
0x0011d078	FUN_0011d078
0x0011d0c8	FUN_0011d0c8
0x0011d138	FUN_0011d138
0x0011d188	FUN_0011d188
0x0011d280	FUN_0011d280
0x0011d300	FUN_0011d300
0x0011d3a8	FUN_0011d3a8
0x0011d418	FUN_0011d418
0x0011d4a8	FUN_0011d4a8
0x0011d4f8	FUN_0011d4f8
0x0011d558	FUN_0011d558
0x0011d688	FUN_0011d688
0x0011d778	FUN_0011d778
0x0011d820	FUN_0011d820
0x0011d898	FUN_0011d898
0x0011d940	FUN_0011d940
0x0011da50	FUN_0011da50
0x0011daf8	FUN_0011daf8
0x0011de38	FUN_0011de38
0x0011e440	FUN_0011e440
0x0011e760	FUN_0011e760
0x0011eb88	FUN_0011eb88
0x0011ed68	FUN_0011ed68
0x0011f118	FUN_0011f118
0x0011f1e8	FUN_0011f1e8
0x0011f338	FUN_0011f338
0x0011fba0	FUN_0011fba0
0x0011fca8	FUN_0011fca8
0x00120170	FUN_00120170
0x001201a8	FUN_001201a8
0x001203c0	FUN_001203c0
0x00120650	FUN_00120650
0x00120728	FUN_00120728
0x00120750	FUN_00120750
0x00120828	FUN_00120828
0x00120910	FUN_00120910
0x00120928	FUN_00120928
0x00120940	FUN_00120940
0x00120988	FUN_00120988
0x001209f0	FUN_001209f0
0x00120a40	FUN_00120a40
0x00120b70	FUN_00120b70
0x00120bc8	FUN_00120bc8
0x00120d68	FUN_00120d68
0x00120d70	FUN_00120d70
0x00121000	FUN_00121000
0x00121028	FUN_00121028
0x00121090	FUN_00121090
0x001210c0	FUN_001210c0
0x001210f0	FUN_001210f0
0x00121110	FUN_00121110
0x00121140	FUN_00121140
0x00121170	FUN_00121170
0x00121220	FUN_00121220
0x00121270	FUN_00121270
0x001212a0	FUN_001212a0
0x00121308	FUN_00121308
0x00121330	FUN_00121330
0x00121360	FUN_00121360
0x001216f0	FUN_001216f0
0x00121758	FUN_00121758
0x00121868	FUN_00121868
0x00121980	FUN_00121980
0x00121b18	FUN_00121b18
0x00121c98	FUN_00121c98
0x00121cc0	FUN_00121cc0
0x00121fd8	FUN_00121fd8
0x00122030	FUN_00122030
0x00122140	FUN_00122140
0x00122240	FUN_00122240
0x001223d8	FUN_001223d8
0x00122558	FUN_00122558
0x00122700	FUN_00122700
0x00122760	FUN_00122760
0x00122798	FUN_00122798
0x001227d8	FUN_001227d8
0x00122990	FUN_00122990
0x00122a20	FUN_00122a20
0x00122ae0	FUN_00122ae0
0x00122c20	FUN_00122c20
0x00122c68	FUN_00122c68
0x00122f58	FUN_00122f58
0x001230c0	FUN_001230c0
0x001230e8	FUN_001230e8
0x001230f8	FUN_001230f8
0x00123108	FUN_00123108
0x00123178	FUN_00123178
0x001231a0	FUN_001231a0
0x001231c8	FUN_001231c8
0x001231d0	FUN_001231d0
0x001231d8	FUN_001231d8
0x001231f0	FUN_001231f0
0x00123230	FUN_00123230
0x00123270	FUN_00123270
0x001232d8	FUN_001232d8
0x00123320	FUN_00123320
0x00123420	FUN_00123420
0x00123428	FUN_00123428
0x001234b0	FUN_001234b0
0x001234c8	FUN_001234c8
0x001234f8	FUN_001234f8
0x00123538	FUN_00123538
0x00123540	FUN_00123540
0x00123550	FUN_00123550
0x00123598	FUN_00123598
0x001235f0	FUN_001235f0
0x001236d8	FUN_001236d8
0x00123708	FUN_00123708
0x00123778	FUN_00123778
0x00123798	FUN_00123798
0x00123918	FUN_00123918
0x001239e8	FUN_001239e8
0x00123a98	FUN_00123a98
0x00123af8	FUN_00123af8
0x00123c18	FUN_00123c18
0x00123d10	FUN_00123d10
0x00123e88	FUN_00123e88
0x00123eb0	FUN_00123eb0
0x001240e0	FUN_001240e0
0x001241e0	FUN_001241e0
0x00124358	FUN_00124358
0x001244f0	FUN_001244f0
0x00124690	FUN_00124690
0x001246f8	FUN_001246f8
0x00124750	FUN_00124750
0x00124760	FUN_00124760
0x00124778	FUN_00124778
0x00124790	FUN_00124790
0x001248f0	FUN_001248f0
0x00124a18	FUN_00124a18
0x00124b18	FUN_00124b18
0x00124b98	FUN_00124b98
0x00124c10	FUN_00124c10
0x00124d48	FUN_00124d48
0x00124fa8	FUN_00124fa8
0x001251a0	FUN_001251a0
0x00125200	FUN_00125200
0x00125258	FUN_00125258
0x001253d8	FUN_001253d8
0x00125670	FUN_00125670
0x00125958	FUN_00125958
0x00125b38	FUN_00125b38
0x00125f00	FUN_00125f00
0x00126248	FUN_00126248
0x001262b8	FUN_001262b8
0x001262f0	FUN_001262f0
0x00126328	FUN_00126328
0x00126350	FUN_00126350
0x001263a8	FUN_001263a8
0x00126418	FUN_00126418
0x00126520	FUN_00126520
0x001265a8	FUN_001265a8
0x001265c8	FUN_001265c8
0x00126690	FUN_00126690
0x00126750	FUN_00126750
0x00126778	FUN_00126778
0x00126828	FUN_00126828
0x00126858	FUN_00126858
0x001268a0	FUN_001268a0
0x00126940	FUN_00126940
0x00126968	FUN_00126968
0x00126990	FUN_00126990
0x001269b8	FUN_001269b8
0x001269e0	FUN_001269e0
0x00126a28	FUN_00126a28
0x00126a60	FUN_00126a60
0x00126aa8	FUN_00126aa8
0x00126ae0	FUN_00126ae0
0x00126ce0	FUN_00126ce0
0x00126d30	FUN_00126d30
0x00126d98	FUN_00126d98
0x001271a8	FUN_001271a8
0x00127200	FUN_00127200
0x00127290	FUN_00127290
0x00127348	FUN_00127348
0x001273e8	FUN_001273e8
0x001274c0	FUN_001274c0
0x00127560	FUN_00127560
0x001275d0	FUN_001275d0
0x00127688	FUN_00127688
0x001276e8	FUN_001276e8
0x001277e8	FUN_001277e8
0x00127878	FUN_00127878
0x00127890	FUN_00127890
0x00127a20	FUN_00127a20
0x00127a60	FUN_00127a60
0x00127b50	FUN_00127b50
0x00127c18	FUN_00127c18
0x00127ce0	FUN_00127ce0
0x00127d40	FUN_00127d40
0x00127e58	FUN_00127e58
0x00127e88	FUN_00127e88
0x00127f28	FUN_00127f28
0x00127f48	FUN_00127f48
0x00127f98	FUN_00127f98
0x00127fc8	FUN_00127fc8
0x00127ff8	FUN_00127ff8
0x00128070	FUN_00128070
0x00128098	FUN_00128098
0x001281f0	FUN_001281f0
0x00128218	FUN_00128218
0x00128250	FUN_00128250
0x00128288	FUN_00128288
0x001282a0	FUN_001282a0
0x00128340	FUN_00128340
0x00128380	FUN_00128380
0x00128398	FUN_00128398
0x001283b0	FUN_001283b0
0x001283d8	FUN_001283d8
0x001283f8	FUN_001283f8
0x00128428	FUN_00128428
0x00128448	FUN_00128448
0x00128468	FUN_00128468
0x001285e8	FUN_001285e8
0x00128608	FUN_00128608
0x001286d8	FUN_001286d8
0x001288d8	FUN_001288d8
0x00128938	FUN_00128938
0x00128a00	FUN_00128a00
0x00128ab0	FUN_00128ab0
0x00128ae0	FUN_00128ae0
0x00128b68	FUN_00128b68
0x00128b70	FUN_00128b70
0x00128ba8	FUN_00128ba8
0x00128be8	FUN_00128be8
0x00128c70	FUN_00128c70
0x00128ce0	FUN_00128ce0
0x00128db8	FUN_00128db8
0x00128de0	FUN_00128de0
0x00128e08	FUN_00128e08
0x00128e20	FUN_00128e20
0x00128e78	FUN_00128e78
0x00128f10	FUN_00128f10
0x00128ff0	FUN_00128ff0
0x001291e0	FUN_001291e0
0x001292b8	FUN_001292b8
0x00129308	FUN_00129308
0x00129358	FUN_00129358
0x00129370	FUN_00129370
0x001293d8	FUN_001293d8
0x00129438	FUN_00129438
0x001294e0	FUN_001294e0
0x00129568	FUN_00129568
0x001295f0	FUN_001295f0
0x00129678	FUN_00129678
0x00129710	FUN_00129710
0x001297b0	FUN_001297b0
0x001297c0	FUN_001297c0
0x00129890	FUN_00129890
0x001298a0	FUN_001298a0
0x001298b8	FUN_001298b8
0x00129a30	FUN_00129a30
0x00129a80	FUN_00129a80
0x00129b18	FUN_00129b18
0x00129be8	FUN_00129be8
0x00129cb8	FUN_00129cb8
0x00129d88	FUN_00129d88
0x00129e58	FUN_00129e58
0x00129f28	FUN_00129f28
0x00129ff8	FUN_00129ff8
0x0012a010	FUN_0012a010
0x0012a038	FUN_0012a038
0x0012a160	FUN_0012a160
0x0012a178	FUN_0012a178
0x0012a190	FUN_0012a190
0x0012a218	FUN_0012a218
0x0012a298	FUN_0012a298
0x0012a2c0	FUN_0012a2c0
0x0012a340	FUN_0012a340
0x0012a3a0	FUN_0012a3a0
0x0012a608	FUN_0012a608
0x0012a6b8	FUN_0012a6b8
0x0012a720	FUN_0012a720
0x0012a748	FUN_0012a748
0x0012a7a0	FUN_0012a7a0
0x0012a7e0	FUN_0012a7e0
0x0012a818	FUN_0012a818
0x0012a850	FUN_0012a850
0x0012a8b0	FUN_0012a8b0
0x0012a8c8	FUN_0012a8c8
0x0012a8e0	FUN_0012a8e0
0x0012a8e8	FUN_0012a8e8
0x0012a900	FUN_0012a900
0x0012a938	FUN_0012a938
0x0012a968	FUN_0012a968
0x0012a980	FUN_0012a980
0x0012a998	FUN_0012a998
0x0012a9b0	FUN_0012a9b0
0x0012a9c8	FUN_0012a9c8
0x0012aa18	FUN_0012aa18
0x0012aa48	FUN_0012aa48
0x0012aa60	FUN_0012aa60
0x0012aa78	FUN_0012aa78
0x0012aa90	FUN_0012aa90
0x0012aaa8	FUN_0012aaa8
0x0012aab0	FUN_0012aab0
0x0012ab10	FUN_0012ab10
0x0012ab18	FUN_0012ab18
0x0012ab30	FUN_0012ab30
0x0012ab58	FUN_0012ab58
0x0012ab78	FUN_0012ab78
0x0012ab98	FUN_0012ab98
0x0012abb0	FUN_0012abb0
0x0012abc8	FUN_0012abc8
0x0012abf8	FUN_0012abf8
0x0012ac20	FUN_0012ac20
0x0012ac58	FUN_0012ac58
0x0012add8	FUN_0012add8
0x0012ae38	FUN_0012ae38
0x0012ae40	FUN_0012ae40
0x0012ae90	FUN_0012ae90
0x0012aed0	FUN_0012aed0
0x0012af00	FUN_0012af00
0x0012af30	FUN_0012af30
0x0012af60	FUN_0012af60
0x0012b138	FUN_0012b138
0x0012b258	FUN_0012b258
0x0012b5b8	FUN_0012b5b8
0x0012b780	FUN_0012b780
0x0012b810	FUN_0012b810
0x0012b8b8	FUN_0012b8b8
0x0012b8f8	FUN_0012b8f8
0x0012b960	FUN_0012b960
0x0012b968	FUN_0012b968
0x0012b978	FUN_0012b978
0x0012b990	FUN_0012b990
0x0012b9a8	FUN_0012b9a8
0x0012b9b8	FUN_0012b9b8
0x0012b9c8	FUN_0012b9c8
0x0012b9d8	FUN_0012b9d8
0x0012b9e8	FUN_0012b9e8
0x0012b9f8	FUN_0012b9f8
0x0012ba10	FUN_0012ba10
0x0012ba28	FUN_0012ba28
0x0012ba40	FUN_0012ba40
0x0012ba58	FUN_0012ba58
0x0012ba70	FUN_0012ba70
0x0012ba88	FUN_0012ba88
0x0012baa0	FUN_0012baa0
0x0012bab8	FUN_0012bab8
0x0012bad0	FUN_0012bad0
0x0012bae8	FUN_0012bae8
0x0012bb00	FUN_0012bb00
0x0012bb30	FUN_0012bb30
0x0012bb48	FUN_0012bb48
0x0012bb60	FUN_0012bb60
0x0012bb78	FUN_0012bb78
0x0012bbd0	FUN_0012bbd0
0x0012bc38	FUN_0012bc38
0x0012bc98	FUN_0012bc98
0x0012bcb0	FUN_0012bcb0
0x0012bcb8	FUN_0012bcb8
0x0012bcd0	FUN_0012bcd0
0x0012bd08	FUN_0012bd08
0x0012bd40	FUN_0012bd40
0x0012bd60	FUN_0012bd60
0x0012bd80	FUN_0012bd80
0x0012bf38	FUN_0012bf38
0x0012bfe0	FUN_0012bfe0
0x0012c010	FUN_0012c010
0x0012c168	FUN_0012c168
0x0012c1d0	FUN_0012c1d0
0x0012c390	FUN_0012c390
0x0012c3b8	FUN_0012c3b8
0x0012c418	FUN_0012c418
0x0012c450	FUN_0012c450
0x0012c460	FUN_0012c460
0x0012c470	FUN_0012c470
0x0012c488	FUN_0012c488
0x0012c500	FUN_0012c500
0x0012c5a0	FUN_0012c5a0
0x0012c5d8	FUN_0012c5d8
0x0012c5e8	FUN_0012c5e8
0x0012c640	FUN_0012c640
0x0012c650	FUN_0012c650
0x0012c738	FUN_0012c738
0x0012c7d0	FUN_0012c7d0
0x0012c808	FUN_0012c808
0x0012c818	FUN_0012c818
0x0012c988	FUN_0012c988
0x0012cbe8	FUN_0012cbe8
0x0012ce70	FUN_0012ce70
0x0012d030	FUN_0012d030
0x0012d160	FUN_0012d160
0x0012d210	FUN_0012d210
0x0012d310	FUN_0012d310
0x0012d9a0	FUN_0012d9a0
0x0012d9d0	FUN_0012d9d0
0x0012da00	FUN_0012da00
0x0012dbd0	FUN_0012dbd0
0x0012dc40	FUN_0012dc40
0x0012dd68	FUN_0012dd68
0x0012dd78	FUN_0012dd78
0x0012dd88	FUN_0012dd88
0x0012dd98	FUN_0012dd98
0x0012de08	FUN_0012de08
0x0012dea8	FUN_0012dea8
0x0012df10	FUN_0012df10
0x0012df60	FUN_0012df60
0x0012e070	FUN_0012e070
0x0012e1e0	FUN_0012e1e0
0x0012e278	FUN_0012e278
0x0012e2b8	FUN_0012e2b8
0x0012e348	FUN_0012e348
0x0012e380	FUN_0012e380
0x0012e388	FUN_0012e388
0x0012e498	FUN_0012e498
0x0012e578	FUN_0012e578
0x0012e658	FUN_0012e658
0x0012e6a0	FUN_0012e6a0
0x0012e6f8	FUN_0012e6f8
0x0012e768	FUN_0012e768
0x0012e7a0	FUN_0012e7a0
0x0012e7e0	FUN_0012e7e0
0x0012e838	FUN_0012e838
0x0012e840	FUN_0012e840
0x0012e888	FUN_0012e888
0x0012e8a0	FUN_0012e8a0
0x0012e8d8	FUN_0012e8d8
0x0012e918	FUN_0012e918
0x0012e960	FUN_0012e960
0x0012e9c8	FUN_0012e9c8
0x0012ea18	FUN_0012ea18
0x0012ea28	FUN_0012ea28
0x0012ea68	FUN_0012ea68
0x0012ea80	FUN_0012ea80
0x0012edf8	FUN_0012edf8
0x0012efc8	FUN_0012efc8
0x0012f048	FUN_0012f048
0x0012f078	FUN_0012f078
0x0012f098	FUN_0012f098
0x0012f0a8	FUN_0012f0a8
0x0012f0c0	FUN_0012f0c0
0x0012f0c8	FUN_0012f0c8
0x0012f0d8	FUN_0012f0d8
0x0012f118	FUN_0012f118
0x0012f170	FUN_0012f170
0x0012f1a0	FUN_0012f1a0
0x0012f230	FUN_0012f230
0x0012f268	FUN_0012f268
0x0012f2f0	FUN_0012f2f0
0x0012f308	FUN_0012f308
0x0012f410	FUN_0012f410
0x0012f470	FUN_0012f470
0x0012f4d8	FUN_0012f4d8
0x0012f5b8	FUN_0012f5b8
0x0012f6a8	FUN_0012f6a8
0x0012f6f8	FUN_0012f6f8
0x0012f860	FUN_0012f860
0x0012fb48	FUN_0012fb48
0x0012fb70	FUN_0012fb70
0x0012fb98	FUN_0012fb98
0x0012fd68	FUN_0012fd68
0x0012fdc8	FUN_0012fdc8
0x0012fde0	FUN_0012fde0
0x0012fed0	FUN_0012fed0
0x0012ff98	FUN_0012ff98
0x00130018	FUN_00130018
0x001300b8	FUN_001300b8
0x00130178	FUN_00130178
0x001301e0	FUN_001301e0
0x001302a8	FUN_001302a8
0x001303c8	FUN_001303c8
0x001303e0	FUN_001303e0
0x001306d8	FUN_001306d8
0x00130728	FUN_00130728
0x00130778	FUN_00130778
0x001307c8	FUN_001307c8
0x00130818	FUN_00130818
0x00130868	FUN_00130868
0x001308b8	FUN_001308b8
0x00130970	FUN_00130970
0x001309b0	FUN_001309b0
0x00130a08	FUN_00130a08
0x00130a38	FUN_00130a38
0x00130aa0	FUN_00130aa0
0x00130ad0	FUN_00130ad0
0x00130af0	FUN_00130af0
0x00130b10	FUN_00130b10
0x00130b28	FUN_00130b28
0x00130b38	FUN_00130b38
0x00130b68	FUN_00130b68
0x00130bf8	FUN_00130bf8
0x00130c28	FUN_00130c28
0x00130c88	FUN_00130c88
0x00130cf0	FUN_00130cf0
0x00130dd8	FUN_00130dd8
0x00130e48	FUN_00130e48
0x00130e50	FUN_00130e50
0x00130e88	FUN_00130e88
0x00130f58	FUN_00130f58
0x00130f70	FUN_00130f70
0x00130fa0	FUN_00130fa0
0x00130fe0	FUN_00130fe0
0x00131010	FUN_00131010
0x00131040	FUN_00131040
0x00131070	FUN_00131070
0x001310a0	FUN_001310a0
0x001310d0	FUN_001310d0
0x00131200	FUN_00131200
0x00131230	FUN_00131230
0x00131260	FUN_00131260
0x00131268	FUN_00131268
0x00131278	FUN_00131278
0x001312c0	FUN_001312c0
0x001312d8	FUN_001312d8
0x001313c0	FUN_001313c0
0x001313d8	FUN_001313d8
0x001313f0	FUN_001313f0
0x00131428	FUN_00131428
0x001314c0	FUN_001314c0
0x00131500	FUN_00131500
0x001316a8	FUN_001316a8
0x001316f0	FUN_001316f0
0x00131710	FUN_00131710
0x00131800	FUN_00131800
0x00131898	FUN_00131898
0x001318b0	FUN_001318b0
0x00131af0	FUN_00131af0
0x00131ba8	FUN_00131ba8
0x00131d38	FUN_00131d38
0x00131dc8	FUN_00131dc8
0x00131f90	FUN_00131f90
0x00132260	FUN_00132260
0x00132638	FUN_00132638
0x001327b0	FUN_001327b0
0x00132870	FUN_00132870
0x00132a78	FUN_00132a78
0x00132a80	FUN_00132a80
0x00132dc0	FUN_00132dc0
0x00132e40	FUN_00132e40
0x00132ed8	FUN_00132ed8
0x00133010	FUN_00133010
0x00133060	FUN_00133060
0x00133130	FUN_00133130
0x00133158	FUN_00133158
0x00133180	FUN_00133180
0x001331a8	FUN_001331a8
0x001331b8	FUN_001331b8
0x001331d8	FUN_001331d8
0x00133218	FUN_00133218
0x00133220	FUN_00133220
0x00133250	FUN_00133250
0x00133280	FUN_00133280
0x001332a0	FUN_001332a0
0x001332c8	FUN_001332c8
0x001332e0	FUN_001332e0
0x001332e8	FUN_001332e8
0x001332f8	FUN_001332f8
0x001333f0	FUN_001333f0
0x00133450	FUN_00133450
0x00133480	FUN_00133480
0x00133570	FUN_00133570
0x00133678	FUN_00133678
0x00133708	FUN_00133708
0x001337e0	FUN_001337e0
0x00133878	FUN_00133878
0x001338d8	FUN_001338d8
0x001339b0	FUN_001339b0
0x00133a78	FUN_00133a78
0x00133af8	FUN_00133af8
0x00133b08	FUN_00133b08
0x00133bb0	FUN_00133bb0
0x00133cd8	FUN_00133cd8
0x00133d40	FUN_00133d40
0x00133d50	FUN_00133d50
0x00133e98	FUN_00133e98
0x00133f00	FUN_00133f00
0x00133f78	FUN_00133f78
0x00133fe0	FUN_00133fe0
0x00134048	FUN_00134048
0x001340b0	FUN_001340b0
0x00134118	FUN_00134118
0x00134170	FUN_00134170
0x001341d0	FUN_001341d0
0x00134238	FUN_00134238
0x001342f8	FUN_001342f8
0x001343c8	FUN_001343c8
0x00134428	FUN_00134428
0x00134568	FUN_00134568
0x001345d0	FUN_001345d0
0x00134628	FUN_00134628
0x00134690	FUN_00134690
0x00134750	FUN_00134750
0x001347f8	FUN_001347f8
0x00134908	FUN_00134908
0x001349e0	FUN_001349e0
0x00134a38	FUN_00134a38
0x00134af8	FUN_00134af8
0x00134bb8	FUN_00134bb8
0x00134c78	FUN_00134c78
0x00134d00	FUN_00134d00
0x00134d28	FUN_00134d28
0x00134d90	FUN_00134d90
0x00134df8	FUN_00134df8
0x00134ec0	FUN_00134ec0
0x00134fc8	FUN_00134fc8
0x00135088	FUN_00135088
0x00135158	FUN_00135158
0x00135218	FUN_00135218
0x00135268	FUN_00135268
0x00135300	FUN_00135300
0x00135320	FUN_00135320
0x001353b8	FUN_001353b8
0x00135470	FUN_00135470
0x00135530	FUN_00135530
0x00135590	FUN_00135590
0x001355c0	FUN_001355c0
0x00135648	FUN_00135648
0x001356e8	FUN_001356e8
0x001357d8	FUN_001357d8
0x00135888	FUN_00135888
0x00135890	FUN_00135890
0x001358c0	FUN_001358c0
0x001358e8	FUN_001358e8
0x001359b8	FUN_001359b8
0x00135ac8	FUN_00135ac8
0x00135ae8	FUN_00135ae8
0x00135b50	FUN_00135b50
0x00135c50	FUN_00135c50
0x00135e20	FUN_00135e20
0x00136000	FUN_00136000
0x00136110	FUN_00136110
0x00136178	FUN_00136178
0x001361b0	FUN_001361b0
0x001361e8	FUN_001361e8
0x00136220	FUN_00136220
0x00136268	FUN_00136268
0x001362a8	FUN_001362a8
0x00136348	FUN_00136348
0x00136398	FUN_00136398
0x00136488	FUN_00136488
0x001364b8	FUN_001364b8
0x00136508	FUN_00136508
0x00136570	FUN_00136570
0x001365a8	FUN_001365a8
0x001365e0	FUN_001365e0
0x00136668	FUN_00136668
0x00136720	FUN_00136720
0x00136798	FUN_00136798
0x00136800	FUN_00136800
0x00136858	FUN_00136858
0x001368d0	FUN_001368d0
0x00136c50	FUN_00136c50
0x00136c58	FUN_00136c58
0x00136cb8	FUN_00136cb8
0x00136d38	FUN_00136d38
0x00136e28	FUN_00136e28
0x00136e50	FUN_00136e50
0x00136e60	FUN_00136e60
0x00136f10	FUN_00136f10
0x00136fe0	FUN_00136fe0
0x00137068	FUN_00137068
0x001370d8	FUN_001370d8
0x00137140	FUN_00137140
0x001371f8	FUN_001371f8
0x00137390	FUN_00137390
0x001373f8	FUN_001373f8
0x00137408	FUN_00137408
0x00137418	FUN_00137418
0x00137578	FUN_00137578
0x00137668	FUN_00137668
0x001376e0	FUN_001376e0
0x001377e8	FUN_001377e8
0x00137848	FUN_00137848
0x00137878	FUN_00137878
0x001378a8	FUN_001378a8
0x00137950	FUN_00137950
0x00137a18	FUN_00137a18
0x00137aa8	FUN_00137aa8
0x00137b20	FUN_00137b20
0x00137ba8	FUN_00137ba8
0x00137cb0	FUN_00137cb0
0x00137e58	FUN_00137e58
0x00137eb0	FUN_00137eb0
0x00137f48	FUN_00137f48
0x00137f80	FUN_00137f80
0x00138128	FUN_00138128
0x00138228	FUN_00138228
0x00138268	FUN_00138268
0x001382b8	FUN_001382b8
0x00138308	FUN_00138308
0x001383e8	FUN_001383e8
0x001384c8	FUN_001384c8
0x00138570	FUN_00138570
0x001385a8	FUN_001385a8
0x00138600	FUN_00138600
0x00138698	FUN_00138698
0x00138830	FUN_00138830
0x001389b8	FUN_001389b8
0x00138b90	FUN_00138b90
0x00138c58	FUN_00138c58
0x00138c80	FUN_00138c80
0x00138d30	FUN_00138d30
0x00138ee0	FUN_00138ee0
0x00139048	FUN_00139048
0x00139070	FUN_00139070
0x00139090	FUN_00139090
0x00139168	FUN_00139168
0x00139180	FUN_00139180
0x001391b0	FUN_001391b0
0x00139218	FUN_00139218
0x00139248	FUN_00139248
0x00139278	FUN_00139278
0x001392c8	FUN_001392c8
0x00139330	FUN_00139330
0x00139390	FUN_00139390
0x00139458	FUN_00139458
0x001394e8	FUN_001394e8
0x00139588	FUN_00139588
0x001395b0	FUN_001395b0
0x001397a8	FUN_001397a8
0x00139868	FUN_00139868
0x00139a10	FUN_00139a10
0x00139ac0	FUN_00139ac0
0x00139b58	FUN_00139b58
0x00139b90	FUN_00139b90
0x00139d20	FUN_00139d20
0x00139e28	FUN_00139e28
0x00139e68	FUN_00139e68
0x00139eb8	FUN_00139eb8
0x00139ed0	FUN_00139ed0
0x00139ef0	FUN_00139ef0
0x00139f20	FUN_00139f20
0x00139f40	FUN_00139f40
0x00139f70	FUN_00139f70
0x0013a038	FUN_0013a038
0x0013a0a8	FUN_0013a0a8
0x0013a100	FUN_0013a100
0x0013a218	FUN_0013a218
0x0013a230	FUN_0013a230
0x0013a288	FUN_0013a288
0x0013a320	FUN_0013a320
0x0013a4c0	FUN_0013a4c0
0x0013a620	FUN_0013a620
0x0013a810	FUN_0013a810
0x0013a978	FUN_0013a978
0x0013aa40	FUN_0013aa40
0x0013aa68	FUN_0013aa68
0x0013aab8	FUN_0013aab8
0x0013ac40	FUN_0013ac40
0x0013ac68	FUN_0013ac68
0x0013ac98	FUN_0013ac98
0x0013ad28	FUN_0013ad28
0x0013adb0	FUN_0013adb0
0x0013add0	FUN_0013add0
0x0013ae30	FUN_0013ae30
0x0013af38	FUN_0013af38
0x0013af88	FUN_0013af88
0x0013af90	FUN_0013af90
0x0013afb8	FUN_0013afb8
0x0013b150	FUN_0013b150
0x0013b190	FUN_0013b190
0x0013b1f8	FUN_0013b1f8
0x0013b280	FUN_0013b280
0x0013b2c0	FUN_0013b2c0
0x0013b320	FUN_0013b320
0x0013b350	FUN_0013b350
0x0013b380	FUN_0013b380
0x0013b410	FUN_0013b410
0x0013b4a8	FUN_0013b4a8
0x0013b540	FUN_0013b540
0x0013b5d8	FUN_0013b5d8
0x0013b640	FUN_0013b640
0x0013b6b0	FUN_0013b6b0
0x0013b6e8	FUN_0013b6e8
0x0013b718	FUN_0013b718
0x0013b738	FUN_0013b738
0x0013b750	FUN_0013b750
0x0013b778	FUN_0013b778
0x0013b808	FUN_0013b808
0x0013b810	FUN_0013b810
0x0013b818	FUN_0013b818
0x0013b898	FUN_0013b898
0x0013b958	FUN_0013b958
0x0013ba80	FUN_0013ba80
0x0013bb30	FUN_0013bb30
0x0013bc38	FUN_0013bc38
0x0013bd08	FUN_0013bd08
0x0013bdc8	FUN_0013bdc8
0x0013c0c0	FUN_0013c0c0
0x0013c1a0	FUN_0013c1a0
0x0013c218	FUN_0013c218
0x0013c280	FUN_0013c280
0x0013c538	FUN_0013c538
0x0013c7e8	FUN_0013c7e8
0x0013c818	FUN_0013c818
0x0013c840	FUN_0013c840
0x0013c868	FUN_0013c868
0x0013c8c0	FUN_0013c8c0
0x0013c940	FUN_0013c940
0x0013c9f0	FUN_0013c9f0
0x0013cd40	FUN_0013cd40
0x0013ce08	FUN_0013ce08
0x0013ce58	FUN_0013ce58
0x0013ced0	FUN_0013ced0
0x0013ced8	FUN_0013ced8
0x0013cee0	FUN_0013cee0
0x0013cf20	FUN_0013cf20
0x0013cf30	FUN_0013cf30
0x0013cf70	FUN_0013cf70
0x0013cfa8	FUN_0013cfa8
0x0013d168	FUN_0013d168
0x0013d1d8	FUN_0013d1d8
0x0013d200	FUN_0013d200
0x0013d2b8	FUN_0013d2b8
0x0013d2d8	FUN_0013d2d8
0x0013d300	FUN_0013d300
0x0013d338	FUN_0013d338
0x0013d388	FUN_0013d388
0x0013d3b0	FUN_0013d3b0
0x0013d3d8	FUN_0013d3d8
0x0013d400	FUN_0013d400
0x0013d420	FUN_0013d420
0x0013d498	FUN_0013d498
0x0013d4b0	FUN_0013d4b0
0x0013d4d8	FUN_0013d4d8
0x0013d4f0	FUN_0013d4f0
0x0013d508	FUN_0013d508
0x0013d540	FUN_0013d540
0x0013d590	FUN_0013d590
0x0013d5e0	FUN_0013d5e0
0x0013d6a8	FUN_0013d6a8
0x0013d6f8	FUN_0013d6f8
0x0013d708	FUN_0013d708
0x0013d750	FUN_0013d750
0x0013d8a8	FUN_0013d8a8
0x0013d9a0	FUN_0013d9a0
0x0013da58	FUN_0013da58
0x0013da78	FUN_0013da78
0x0013dad8	FUN_0013dad8
0x0013db28	FUN_0013db28
0x0013dc18	FUN_0013dc18
0x0013dc70	FUN_0013dc70
0x0013dcb8	FUN_0013dcb8
0x0013dd08	FUN_0013dd08
0x0013dfd8	FUN_0013dfd8
0x0013e170	FUN_0013e170
0x0013e238	FUN_0013e238
0x0013e240	FUN_0013e240
0x0013e248	FUN_0013e248
0x0013e268	FUN_0013e268
0x0013e280	FUN_0013e280
0x0013e2a0	FUN_0013e2a0
0x0013e2f0	FUN_0013e2f0
0x0013e340	FUN_0013e340
0x0013e428	FUN_0013e428
0x0013e478	FUN_0013e478
0x0013e508	FUN_0013e508
0x0013e580	FUN_0013e580
0x0013e6b8	FUN_0013e6b8
0x0013e810	FUN_0013e810
0x0013ea60	FUN_0013ea60
0x0013eac0	FUN_0013eac0
0x0013eb58	FUN_0013eb58
0x0013ec08	FUN_0013ec08
0x0013ec68	FUN_0013ec68
0x0013eca0	FUN_0013eca0
0x0013ed70	FUN_0013ed70
0x0013edc8	FUN_0013edc8
0x0013ee18	FUN_0013ee18
0x0013ee70	FUN_0013ee70
0x0013eea0	FUN_0013eea0
0x0013ef10	FUN_0013ef10
0x0013ef40	FUN_0013ef40
0x0013efb0	FUN_0013efb0
0x0013f050	FUN_0013f050
0x0013f0a0	FUN_0013f0a0
0x0013f108	FUN_0013f108
0x0013f158	FUN_0013f158
0x0013f198	FUN_0013f198
0x0013f348	FUN_0013f348
0x0013f3d8	FUN_0013f3d8
0x0013f4e8	FUN_0013f4e8
0x0013f500	FUN_0013f500
0x0013f698	FUN_0013f698
0x0013f710	FUN_0013f710
0x0013f808	FUN_0013f808
0x0013f860	FUN_0013f860
0x0013f8c0	FUN_0013f8c0
0x0013f950	FUN_0013f950
0x0013f968	FUN_0013f968
0x0013f980	FUN_0013f980
0x0013f998	FUN_0013f998
0x0013f9b0	FUN_0013f9b0
0x0013f9c8	FUN_0013f9c8
0x0013f9e0	FUN_0013f9e0
0x0013f9f8	FUN_0013f9f8
0x0013fa10	FUN_0013fa10
0x0013fa28	FUN_0013fa28
0x0013fa40	FUN_0013fa40
0x0013fa58	FUN_0013fa58
0x0013fa80	FUN_0013fa80
0x0013fb28	FUN_0013fb28
0x0013fb78	FUN_0013fb78
0x0013fbe8	FUN_0013fbe8
0x0013fcf8	FUN_0013fcf8
0x0013fd90	FUN_0013fd90
0x0013fe60	FUN_0013fe60
0x0013fed8	FUN_0013fed8
0x0013ff98	FUN_0013ff98
0x0013fff0	FUN_0013fff0
0x00140030	FUN_00140030
0x00140070	FUN_00140070
0x00140088	FUN_00140088
0x001400a0	FUN_001400a0
0x00140168	FUN_00140168
0x00140210	FUN_00140210
0x00140228	FUN_00140228
0x00140240	FUN_00140240
0x00140258	FUN_00140258
0x00140270	FUN_00140270
0x00140288	FUN_00140288
0x001402a0	FUN_001402a0
0x001402b8	FUN_001402b8
0x001402f8	FUN_001402f8
0x00140378	FUN_00140378
0x001403b8	FUN_001403b8
0x00140410	FUN_00140410
0x00140478	FUN_00140478
0x001404a0	FUN_001404a0
0x001404c0	FUN_001404c0
0x00140710	FUN_00140710
0x00140e18	FUN_00140e18
0x00141238	FUN_00141238
0x00142208	FUN_00142208
0x00142230	FUN_00142230
0x001424c8	FUN_001424c8
0x001424e8	FUN_001424e8
0x00142670	FUN_00142670
0x00142780	FUN_00142780
0x00142898	FUN_00142898
0x001429c8	FUN_001429c8
0x00142bc8	FUN_00142bc8
0x00142c88	FUN_00142c88
0x00143130	FUN_00143130
0x001431b8	FUN_001431b8
0x00143358	FUN_00143358
0x001434a8	FUN_001434a8
0x001434d8	FUN_001434d8
0x00143640	FUN_00143640
0x001437c8	FUN_001437c8
0x00143a38	FUN_00143a38
0x00143b58	FUN_00143b58
0x00143c68	FUN_00143c68
0x00143dd8	FUN_00143dd8
0x00143e58	FUN_00143e58
0x00143ec0	FUN_00143ec0
0x00143fe0	FUN_00143fe0
0x001440a8	FUN_001440a8
0x001441d0	FUN_001441d0
0x001443c0	FUN_001443c0
0x00144408	FUN_00144408
0x00144480	FUN_00144480
0x00144520	FUN_00144520
0x001445e8	FUN_001445e8
0x001446e0	FUN_001446e0
0x00144770	FUN_00144770
0x00144840	FUN_00144840
0x001448d0	FUN_001448d0
0x00144b88	FUN_00144b88
0x00144c28	FUN_00144c28
0x00144ee0	FUN_00144ee0
0x00145058	FUN_00145058
0x00145168	FUN_00145168
0x00145320	FUN_00145320
0x00145490	FUN_00145490
0x00145518	FUN_00145518
0x00145788	FUN_00145788
0x00145a20	FUN_00145a20
0x00145ca8	FUN_00145ca8
0x00145d58	FUN_00145d58
0x00145fb0	FUN_00145fb0
0x00145ff8	FUN_00145ff8
0x00146040	FUN_00146040
0x001460f8	FUN_001460f8
0x00146158	FUN_00146158
0x001461b0	FUN_001461b0
0x001461e8	FUN_001461e8
0x00146260	FUN_00146260
0x00146330	FUN_00146330
0x00146348	FUN_00146348
0x00146358	FUN_00146358
0x00146368	FUN_00146368
0x001463f0	FUN_001463f0
0x001465a8	FUN_001465a8
0x001466c8	FUN_001466c8
0x00146710	FUN_00146710
0x00146888	FUN_00146888
0x001468f0	FUN_001468f0
0x00146900	FUN_00146900
0x00146980	FUN_00146980
0x001469e0	FUN_001469e0
0x00146aa8	FUN_00146aa8
0x00146ab8	FUN_00146ab8
0x00146af0	FUN_00146af0
0x00146b48	FUN_00146b48
0x00146c48	FUN_00146c48
0x00146c68	FUN_00146c68
0x00147038	FUN_00147038
0x00147118	FUN_00147118
0x001471f8	FUN_001471f8
0x00147328	FUN_00147328
0x00147420	FUN_00147420
0x00147448	FUN_00147448
0x00147480	FUN_00147480
0x00147488	FUN_00147488
0x00147498	FUN_00147498
0x001474c0	FUN_001474c0
0x00147508	FUN_00147508
0x00147520	FUN_00147520
0x00147530	FUN_00147530
0x00147538	FUN_00147538
0x00147540	FUN_00147540
0x00147548	FUN_00147548
0x00147558	FUN_00147558
0x00148ad0	FUN_00148ad0
0x0014b238	FUN_0014b238
0x0014d930	FUN_0014d930
0x0014d950	FUN_0014d950
0x0014da48	FUN_0014da48
0x0014da68	FUN_0014da68
0x0014db88	FUN_0014db88
0x0014de58	FUN_0014de58
0x0014e110	FUN_0014e110
0x0014e1d0	FUN_0014e1d0
0x0014e280	FUN_0014e280
0x0014e390	FUN_0014e390
0x0014e468	FUN_0014e468
0x0014e4b0	FUN_0014e4b0
0x0014e4c0	FUN_0014e4c0
0x0014e4f0	FUN_0014e4f0
0x0014e518	FUN_0014e518
0x0014e540	FUN_0014e540
0x0014e570	FUN_0014e570
0x0014e598	FUN_0014e598
0x0014e5c0	FUN_0014e5c0
0x0014e5e8	FUN_0014e5e8
0x0014e610	FUN_0014e610
0x0014e638	FUN_0014e638
0x0014e660	FUN_0014e660
0x0014e688	FUN_0014e688
0x0014e6b0	FUN_0014e6b0
0x0014e6d8	FUN_0014e6d8
0x0014e700	FUN_0014e700
0x0014e728	FUN_0014e728
0x0014e750	FUN_0014e750
0x0014e778	FUN_0014e778
0x0014e7a0	FUN_0014e7a0
0x0014e7c8	FUN_0014e7c8
0x0014e800	FUN_0014e800
0x0014e870	FUN_0014e870
0x0014e8f0	FUN_0014e8f0
0x0014e940	FUN_0014e940
0x0014e978	FUN_0014e978
0x0014ea38	FUN_0014ea38
0x0014eb60	FUN_0014eb60
0x0014ebc0	FUN_0014ebc0
0x0014ec50	FUN_0014ec50
0x0014ecc8	FUN_0014ecc8
0x0014ecf8	FUN_0014ecf8
0x0014edb0	FUN_0014edb0
0x0014eec0	FUN_0014eec0
0x0014f080	FUN_0014f080
0x0014f088	FUN_0014f088
0x0014f150	FUN_0014f150
0x0014f2f0	FUN_0014f2f0
0x0014f340	FUN_0014f340
0x0014f3b0	FUN_0014f3b0
0x0014f3b8	FUN_0014f3b8
0x0014faf8	FUN_0014faf8
0x0014fbf0	FUN_0014fbf0
0x0014fde0	FUN_0014fde0
0x0014ff40	FUN_0014ff40
0x00152ef8	FUN_00152ef8
0x00153428	FUN_00153428
0x00153a80	FUN_00153a80
0x00153c30	FUN_00153c30
0x00153d08	FUN_00153d08
0x00153da8	FUN_00153da8
0x00153e10	FUN_00153e10
0x00153e48	FUN_00153e48
0x00153e98	FUN_00153e98
0x00153f58	FUN_00153f58
0x00153fb0	FUN_00153fb0
0x00154060	FUN_00154060
0x001540b8	FUN_001540b8
0x001540e0	FUN_001540e0
0x001541a0	FUN_001541a0
0x00154370	FUN_00154370
0x00154480	FUN_00154480
0x00154550	FUN_00154550
0x00154618	FUN_00154618
0x00154620	FUN_00154620
0x00154628	FUN_00154628
0x00154680	FUN_00154680
0x001547c8	FUN_001547c8
0x001548b8	FUN_001548b8
0x00154d18	FUN_00154d18
0x00155358	FUN_00155358
0x00155fa8	FUN_00155fa8
0x00155fc0	FUN_00155fc0
0x00156040	FUN_00156040
0x00156050	FUN_00156050
0x001560c0	FUN_001560c0
0x00156170	FUN_00156170
0x00156208	FUN_00156208
0x001562a0	FUN_001562a0
0x001562b0	FUN_001562b0
0x00156340	FUN_00156340
0x001563d8	FUN_001563d8
0x00156450	FUN_00156450
0x00156468	FUN_00156468
0x00156478	FUN_00156478
0x001564c8	FUN_001564c8
0x00156500	FUN_00156500
0x00156598	FUN_00156598
0x001565a8	FUN_001565a8
0x00156648	FUN_00156648
0x00156670	FUN_00156670
0x001566a8	FUN_001566a8
0x00156700	FUN_00156700
0x00156780	FUN_00156780
0x00156798	FUN_00156798
0x001567c0	FUN_001567c0
0x001567e8	FUN_001567e8
0x00156838	FUN_00156838
0x001568d0	FUN_001568d0
0x001569d0	FUN_001569d0
0x00156ad8	FUN_00156ad8
0x00156be8	FUN_00156be8
0x00157090	FUN_00157090
0x001570b0	FUN_001570b0
0x001570c8	FUN_001570c8
0x00157138	FUN_00157138
0x001571b8	FUN_001571b8
0x00157208	FUN_00157208
0x00157240	FUN_00157240
0x001572f0	FUN_001572f0
0x001573a8	FUN_001573a8
0x001573b0	FUN_001573b0
0x00157468	FUN_00157468
0x00157598	FUN_00157598
0x001575f8	FUN_001575f8
0x001576c0	FUN_001576c0
0x00157738	FUN_00157738
0x00157760	FUN_00157760
0x00157778	FUN_00157778
0x001577a0	FUN_001577a0
0x00157990	FUN_00157990
0x00157a00	FUN_00157a00
0x00157aa0	FUN_00157aa0
0x00157b48	FUN_00157b48
0x00158230	FUN_00158230
0x001584f0	FUN_001584f0
0x00158ae0	FUN_00158ae0
0x00158bd0	FUN_00158bd0
0x00158cf0	FUN_00158cf0
0x00158eb8	FUN_00158eb8
0x00158fc0	FUN_00158fc0
0x00159068	FUN_00159068
0x001591c0	FUN_001591c0
0x00159290	FUN_00159290
0x001592f8	FUN_001592f8
0x001593c8	FUN_001593c8
0x00159440	FUN_00159440
0x00159468	FUN_00159468
0x00159488	FUN_00159488
0x001594d8	FUN_001594d8
0x00159560	FUN_00159560
0x001595a8	FUN_001595a8
0x001595d8	FUN_001595d8
0x001595e0	FUN_001595e0
0x00159690	FUN_00159690
0x001596f8	FUN_001596f8
0x00159720	FUN_00159720
0x00159778	FUN_00159778
0x001597c8	FUN_001597c8
0x00159890	FUN_00159890
0x001598a8	FUN_001598a8
0x00159910	FUN_00159910
0x00159918	FUN_00159918
0x00159928	FUN_00159928
0x001599e0	FUN_001599e0
0x00159a30	FUN_00159a30
0x00159a58	FUN_00159a58
0x00159a88	FUN_00159a88
0x00159aa0	FUN_00159aa0
0x00159ab8	FUN_00159ab8
0x00159ad0	FUN_00159ad0
0x00159b90	FUN_00159b90
0x00159ce8	FUN_00159ce8
0x00159d00	FUN_00159d00
0x00159d70	FUN_00159d70
0x00159e20	FUN_00159e20
0x00159f08	FUN_00159f08
0x00159f58	FUN_00159f58
0x0015a040	FUN_0015a040
0x0015a090	FUN_0015a090
0x0015a0b0	FUN_0015a0b0
0x0015a0b8	FUN_0015a0b8
0x0015a170	FUN_0015a170
0x0015a1c8	FUN_0015a1c8
0x0015a228	FUN_0015a228
0x0015a2f8	FUN_0015a2f8
0x0015a3a0	FUN_0015a3a0
0x0015a490	FUN_0015a490
0x0015ab10	FUN_0015ab10
0x0015ab40	FUN_0015ab40
0x0015aca0	FUN_0015aca0
0x0015ace8	FUN_0015ace8
0x0015ae48	FUN_0015ae48
0x0015aed8	FUN_0015aed8
0x0015b278	FUN_0015b278
0x0015b320	FUN_0015b320
0x0015b388	FUN_0015b388
0x0015b450	FUN_0015b450
0x0015b558	FUN_0015b558
0x0015b6f0	FUN_0015b6f0
0x0015b740	FUN_0015b740
0x0015b7d8	FUN_0015b7d8
0x0015b820	FUN_0015b820
0x0015b8c0	FUN_0015b8c0
0x0015b8f8	FUN_0015b8f8
0x0015b930	FUN_0015b930
0x0015b980	FUN_0015b980
0x0015b988	FUN_0015b988
0x0015b9c0	FUN_0015b9c0
0x0015ba20	FUN_0015ba20
0x0015ba30	FUN_0015ba30
0x0015ba40	FUN_0015ba40
0x0015ba48	FUN_0015ba48
0x0015baa0	FUN_0015baa0
0x0015baf8	FUN_0015baf8
0x0015bc58	FUN_0015bc58
0x0015bca8	FUN_0015bca8
0x0015bd28	FUN_0015bd28
0x0015bea8	FUN_0015bea8
0x0015bf40	FUN_0015bf40
0x0015bf90	FUN_0015bf90
0x0015bfd0	FUN_0015bfd0
0x0015c038	FUN_0015c038
0x0015c0e0	FUN_0015c0e0
0x0015c128	FUN_0015c128
0x0015c1c8	FUN_0015c1c8
0x0015c2a0	FUN_0015c2a0
0x0015c2c8	FUN_0015c2c8
0x0015c3e0	FUN_0015c3e0
0x0015c3f0	FUN_0015c3f0
0x0015c428	FUN_0015c428
0x0015c4f0	FUN_0015c4f0
0x0015c530	FUN_0015c530
0x0015c598	FUN_0015c598
0x0015c5c8	FUN_0015c5c8
0x0015c670	FUN_0015c670
0x0015c6f8	FUN_0015c6f8
0x0015c738	FUN_0015c738
0x0015c7f0	FUN_0015c7f0
0x0015c820	FUN_0015c820
0x0015c8f8	FUN_0015c8f8
0x0015c908	FUN_0015c908
0x0015c920	FUN_0015c920
0x0015ca98	FUN_0015ca98
0x0015cae0	FUN_0015cae0
0x0015cb88	FUN_0015cb88
0x0015cbb0	FUN_0015cbb0
0x0015cbd0	FUN_0015cbd0
0x0015cbf8	FUN_0015cbf8
0x0015cc18	FUN_0015cc18
0x0015cc50	FUN_0015cc50
0x0015cc80	FUN_0015cc80
0x0015cd70	FUN_0015cd70
0x0015cda0	FUN_0015cda0
0x0015cdc0	FUN_0015cdc0
0x0015ce68	FUN_0015ce68
0x0015ce88	FUN_0015ce88
0x0015d080	FUN_0015d080
0x0015d0a8	FUN_0015d0a8
0x0015d0c8	FUN_0015d0c8
0x0015d108	FUN_0015d108
0x0015d148	FUN_0015d148
0x0015d1a8	FUN_0015d1a8
0x0015d1d8	FUN_0015d1d8
0x0015d220	FUN_0015d220
0x0015d238	FUN_0015d238
0x0015d328	FUN_0015d328
0x0015d338	FUN_0015d338
0x0015d3c0	FUN_0015d3c0
0x0015d440	FUN_0015d440
0x0015d4f0	FUN_0015d4f0
0x0015d570	FUN_0015d570
0x0015d608	FUN_0015d608
0x0015d670	FUN_0015d670
0x0015d790	FUN_0015d790
0x0015d830	FUN_0015d830
0x0015d888	FUN_0015d888
0x0015d8e0	FUN_0015d8e0
0x0015d958	FUN_0015d958
0x0015d998	FUN_0015d998
0x0015da10	FUN_0015da10
0x0015da28	FUN_0015da28
0x0015da40	FUN_0015da40
0x0015da58	FUN_0015da58
0x0015da70	FUN_0015da70
0x0015daf0	FUN_0015daf0
0x0015db60	FUN_0015db60
0x0015db80	FUN_0015db80
0x0015dbe8	FUN_0015dbe8
0x0015dc50	FUN_0015dc50
0x0015dc98	FUN_0015dc98
0x0015dcd0	FUN_0015dcd0
0x0015dcf8	FUN_0015dcf8
0x0015dd10	FUN_0015dd10
0x0015dd28	FUN_0015dd28
0x0015dd38	FUN_0015dd38
0x0015dd40	FUN_0015dd40
0x0015dda0	FUN_0015dda0
0x0015dde0	FUN_0015dde0
0x0015de30	FUN_0015de30
0x0015de98	FUN_0015de98
0x0015def8	FUN_0015def8
0x0015df58	FUN_0015df58
0x0015dfd8	FUN_0015dfd8
0x0015e030	FUN_0015e030
0x0015e0b0	FUN_0015e0b0
0x0015e108	FUN_0015e108
0x0015e120	FUN_0015e120
0x0015e138	FUN_0015e138
0x0015e198	FUN_0015e198
0x0015e1f0	FUN_0015e1f0
0x0015e208	FUN_0015e208
0x0015e220	FUN_0015e220
0x0015e240	FUN_0015e240
0x0015e270	FUN_0015e270
0x0015e2e0	FUN_0015e2e0
0x0015e368	FUN_0015e368
0x0015e3c0	FUN_0015e3c0
0x0015e4a8	FUN_0015e4a8
0x0015e548	FUN_0015e548
0x0015e5b0	FUN_0015e5b0
0x0015e608	FUN_0015e608
0x0015e638	FUN_0015e638
0x0015e6e0	FUN_0015e6e0
0x0015e700	FUN_0015e700
0x0015e720	FUN_0015e720
0x0015e778	FUN_0015e778
0x0015e7c8	FUN_0015e7c8
0x0015e838	FUN_0015e838
0x0015e958	FUN_0015e958
0x0015e990	FUN_0015e990
0x0015e9e8	FUN_0015e9e8
0x0015ea58	FUN_0015ea58
0x0015ea98	FUN_0015ea98
0x0015eb30	FUN_0015eb30
0x0015ebb8	FUN_0015ebb8
0x0015ec20	FUN_0015ec20
0x0015ed68	FUN_0015ed68
0x0015ed80	FUN_0015ed80
0x0015eda8	FUN_0015eda8
0x0015edc0	FUN_0015edc0
0x0015edd8	FUN_0015edd8
0x0015ede0	FUN_0015ede0
0x0015edf8	FUN_0015edf8
0x0015ee10	FUN_0015ee10
0x0015ee20	FUN_0015ee20
0x0015ee38	FUN_0015ee38
0x0015eeb0	FUN_0015eeb0
0x0015ef10	FUN_0015ef10
0x0015efc8	FUN_0015efc8
0x0015efd8	FUN_0015efd8
0x0015efe8	FUN_0015efe8
0x0015f030	FUN_0015f030
0x0015f0a8	FUN_0015f0a8
0x0015f118	FUN_0015f118
0x0015f188	FUN_0015f188
0x0015f1d8	FUN_0015f1d8
0x0015f1f0	FUN_0015f1f0
0x0015f208	FUN_0015f208
0x0015f2b0	FUN_0015f2b0
0x0015f358	FUN_0015f358
0x0015f418	FUN_0015f418
0x0015f4c0	FUN_0015f4c0
0x0015f568	FUN_0015f568
0x0015f610	FUN_0015f610
0x0015f6b8	FUN_0015f6b8
0x0015f768	FUN_0015f768
0x0015f7f8	FUN_0015f7f8
0x0015f810	FUN_0015f810
0x0015f840	FUN_0015f840
0x0015f858	FUN_0015f858
0x0015f8f0	FUN_0015f8f0
0x0015f908	FUN_0015f908
0x0015f9a0	FUN_0015f9a0
0x0015fb30	FUN_0015fb30
0x0015fb40	FUN_0015fb40
0x0015fb68	FUN_0015fb68
0x0015fbc8	FUN_0015fbc8
0x0015fbf8	FUN_0015fbf8
0x0015fc58	FUN_0015fc58
0x0015fc78	FUN_0015fc78
0x0015fca8	FUN_0015fca8
0x0015fd00	FUN_0015fd00
0x0015fd48	FUN_0015fd48
0x0015fe98	FUN_0015fe98
0x0015fef8	FUN_0015fef8
0x0015ffa0	FUN_0015ffa0
0x00160000	FUN_00160000
0x00160018	FUN_00160018
0x00160048	FUN_00160048
0x00160098	FUN_00160098
0x00160110	FUN_00160110
0x00160160	FUN_00160160
0x001601d0	FUN_001601d0
0x00160270	FUN_00160270
0x00160310	FUN_00160310
0x00160328	FUN_00160328
0x00160340	FUN_00160340
0x00160358	FUN_00160358
0x00160388	FUN_00160388
0x001603a0	FUN_001603a0
0x001603b8	FUN_001603b8
0x001603d0	FUN_001603d0
0x001603e8	FUN_001603e8
0x00160570	FUN_00160570
0x001606c8	FUN_001606c8
0x00160790	FUN_00160790
0x00160850	FUN_00160850
0x001608e0	FUN_001608e0
0x00160938	FUN_00160938
0x001609d0	FUN_001609d0
0x00160a70	FUN_00160a70
0x00160a88	FUN_00160a88
0x00160b48	FUN_00160b48
0x00160bd0	FUN_00160bd0
0x00160c78	FUN_00160c78
0x00160c90	FUN_00160c90
0x00160ca8	FUN_00160ca8
0x00160cc0	FUN_00160cc0
0x00160cd8	FUN_00160cd8
0x00160cf0	FUN_00160cf0
0x00160d18	FUN_00160d18
0x00160d48	FUN_00160d48
0x00160d78	FUN_00160d78
0x00160e18	FUN_00160e18
0x00160e40	FUN_00160e40
0x00160e68	FUN_00160e68
0x00160e90	FUN_00160e90
0x00160ec0	FUN_00160ec0
0x00160ef8	FUN_00160ef8
0x00160fa0	FUN_00160fa0
0x00161008	FUN_00161008
0x00161068	FUN_00161068
0x001610d0	FUN_001610d0
0x00161128	FUN_00161128
0x00161170	FUN_00161170
0x001611c8	FUN_001611c8
0x00161220	FUN_00161220
0x00161288	FUN_00161288
0x001612f8	FUN_001612f8
0x00161358	FUN_00161358
0x001613b8	FUN_001613b8
0x00161420	FUN_00161420
0x00161540	FUN_00161540
0x001615f0	FUN_001615f0
0x00161690	FUN_00161690
0x001616a0	FUN_001616a0
0x001616c0	FUN_001616c0
0x00161700	FUN_00161700
0x00161740	FUN_00161740
0x00161788	FUN_00161788
0x001617d8	FUN_001617d8
0x00161818	FUN_00161818
0x00161838	FUN_00161838
0x00161868	FUN_00161868
0x00161888	FUN_00161888
0x001618b8	FUN_001618b8
0x001618d8	FUN_001618d8
0x001618f8	FUN_001618f8
0x00161910	FUN_00161910
0x00161930	FUN_00161930
0x00161968	FUN_00161968
0x00161980	FUN_00161980
0x001619a0	FUN_001619a0
0x001619b8	FUN_001619b8
0x001619d0	FUN_001619d0
0x00161a68	FUN_00161a68
0x00161a80	FUN_00161a80
0x00161a98	FUN_00161a98
0x00161ad8	FUN_00161ad8
0x00161b00	FUN_00161b00
0x00161b68	FUN_00161b68
0x00161c08	FUN_00161c08
0x00161c30	FUN_00161c30
0x00161d28	FUN_00161d28
0x00161db0	FUN_00161db0
0x00161e70	FUN_00161e70
0x00161ef8	FUN_00161ef8
0x00161f70	FUN_00161f70
0x00161fd8	FUN_00161fd8
0x00162020	FUN_00162020
0x001620a0	FUN_001620a0
0x00162108	FUN_00162108
0x00162128	FUN_00162128
0x00162160	FUN_00162160
0x00162200	FUN_00162200
0x00162258	FUN_00162258
0x00162288	FUN_00162288
0x001622b8	FUN_001622b8
0x00162358	FUN_00162358
0x001623f8	FUN_001623f8
0x001624b8	FUN_001624b8
0x001624d8	FUN_001624d8
0x001624f0	FUN_001624f0
0x00162518	FUN_00162518
0x00162538	FUN_00162538
0x00162540	FUN_00162540
0x00162548	FUN_00162548
0x00162558	FUN_00162558
0x001625a8	FUN_001625a8
0x001625e8	FUN_001625e8
0x00162608	FUN_00162608
0x00162630	FUN_00162630
0x00162688	FUN_00162688
0x00162698	FUN_00162698
0x001626a0	FUN_001626a0
0x001626d0	FUN_001626d0
0x00162770	FUN_00162770
0x00162790	FUN_00162790
0x001627c0	FUN_001627c0
0x001627e8	FUN_001627e8
0x00162828	FUN_00162828
0x00162858	FUN_00162858
0x001628c8	FUN_001628c8
0x00162940	FUN_00162940
0x00162958	FUN_00162958
0x00162980	FUN_00162980
0x001629a8	FUN_001629a8
0x001629c0	FUN_001629c0
0x00162a60	FUN_00162a60
0x00162b80	FUN_00162b80
0x00162bd8	FUN_00162bd8
0x00162c18	FUN_00162c18
0x00162c40	FUN_00162c40
0x00162cd0	FUN_00162cd0
0x00162d78	FUN_00162d78
0x00162df0	FUN_00162df0
0x00162e20	FUN_00162e20
0x00162ea8	FUN_00162ea8
0x00162f60	FUN_00162f60
0x001631c0	FUN_001631c0
0x00163248	FUN_00163248
0x00163320	FUN_00163320
0x00163440	FUN_00163440
0x00163548	FUN_00163548
0x00163598	FUN_00163598
0x00163640	FUN_00163640
0x00163668	FUN_00163668
0x001637f8	FUN_001637f8
0x00163840	FUN_00163840
0x00163860	FUN_00163860
0x00163878	FUN_00163878
0x00163890	FUN_00163890
0x001638b0	FUN_001638b0
0x00163968	FUN_00163968
0x00163990	FUN_00163990
0x001639f8	FUN_001639f8
0x00163b50	FUN_00163b50
0x00163d08	FUN_00163d08
0x00163d78	FUN_00163d78
0x00163d88	FUN_00163d88
0x00163e88	FUN_00163e88
0x00163f30	FUN_00163f30
0x00164000	FUN_00164000
0x00164020	FUN_00164020
0x00164038	FUN_00164038
0x00164058	FUN_00164058
0x00164080	FUN_00164080
0x00164170	FUN_00164170
0x001641c0	FUN_001641c0
0x00164208	FUN_00164208
0x00164248	FUN_00164248
0x00164298	FUN_00164298
0x001643a8	FUN_001643a8
0x001643d8	FUN_001643d8
0x00164468	FUN_00164468
0x001644e0	FUN_001644e0
0x00164560	FUN_00164560
0x001645d0	FUN_001645d0
0x00164638	FUN_00164638
0x00164678	FUN_00164678
0x001646a8	FUN_001646a8
0x00164718	FUN_00164718
0x00164788	FUN_00164788
0x001647c8	FUN_001647c8
0x001647d8	FUN_001647d8
0x00164820	FUN_00164820
0x00164868	FUN_00164868
0x001648b0	FUN_001648b0
0x00164908	FUN_00164908
0x00164990	FUN_00164990
0x00164998	FUN_00164998
0x001649a0	FUN_001649a0
0x00164b00	FUN_00164b00
0x00164b40	FUN_00164b40
0x00164c08	FUN_00164c08
0x00164c60	FUN_00164c60
0x00164ca0	FUN_00164ca0
0x00164d08	FUN_00164d08
0x00164dc0	FUN_00164dc0
0x00164ee8	FUN_00164ee8
0x00164f38	FUN_00164f38
0x00164f58	FUN_00164f58
0x00164f88	FUN_00164f88
0x00165030	FUN_00165030
0x00165078	FUN_00165078
0x001650e8	FUN_001650e8
0x00165188	FUN_00165188
0x00165198	FUN_00165198
0x001651e0	FUN_001651e0
0x00165250	FUN_00165250
0x00165268	FUN_00165268
0x00165280	FUN_00165280
0x00165348	FUN_00165348
0x00165360	FUN_00165360
0x00165378	FUN_00165378
0x001654d0	FUN_001654d0
0x00165560	FUN_00165560
0x00165658	FUN_00165658
0x001656b0	FUN_001656b0
0x00165720	FUN_00165720
0x00165788	FUN_00165788
0x001657a8	FUN_001657a8
0x001657c8	FUN_001657c8
0x00165868	FUN_00165868
0x001658c8	FUN_001658c8
0x00165e58	FUN_00165e58
0x00165eb0	FUN_00165eb0
0x00165f20	FUN_00165f20
0x00165f40	FUN_00165f40
0x00165f60	FUN_00165f60
0x00165f80	FUN_00165f80
0x00165fa0	FUN_00165fa0
0x00165fc8	FUN_00165fc8
0x00165ff0	FUN_00165ff0
0x00166050	FUN_00166050
0x00166070	FUN_00166070
0x001660b8	FUN_001660b8
0x00166100	FUN_00166100
0x00166188	FUN_00166188
0x00166240	FUN_00166240
0x00166310	FUN_00166310
0x00166468	FUN_00166468
0x00166560	FUN_00166560
0x001665f8	FUN_001665f8
0x00166658	FUN_00166658
0x00166710	FUN_00166710
0x001667f8	FUN_001667f8
0x00166890	FUN_00166890
0x00166948	FUN_00166948
0x00166998	FUN_00166998
0x00166aa0	FUN_00166aa0
0x00166b08	FUN_00166b08
0x00166b88	FUN_00166b88
0x00166c20	FUN_00166c20
0x00166cf8	FUN_00166cf8
0x00166d70	FUN_00166d70
0x00166e28	FUN_00166e28
0x00166ef0	FUN_00166ef0
0x00166fc0	FUN_00166fc0
0x00167040	FUN_00167040
0x001671a8	FUN_001671a8
0x001671c8	FUN_001671c8
0x001671e0	FUN_001671e0
0x001671f8	FUN_001671f8
0x00167208	FUN_00167208
0x001672c0	FUN_001672c0
0x001672e8	FUN_001672e8
0x00167318	FUN_00167318
0x00167370	FUN_00167370
0x001673e8	FUN_001673e8
0x00167428	FUN_00167428
0x001674f8	FUN_001674f8
0x00167560	FUN_00167560
0x001675b0	FUN_001675b0
0x00167618	FUN_00167618
0x00167770	FUN_00167770
0x00167800	FUN_00167800
0x001678b8	FUN_001678b8
0x00167930	FUN_00167930
0x001679c8	FUN_001679c8
0x00167b60	FUN_00167b60
0x00167b98	FUN_00167b98
0x00167bd0	FUN_00167bd0
0x00167c00	FUN_00167c00
0x00167c38	FUN_00167c38
0x00167c70	FUN_00167c70
0x00167c80	FUN_00167c80
0x00167ce8	FUN_00167ce8
0x00167da8	FUN_00167da8
0x00167db8	FUN_00167db8
0x00167e60	FUN_00167e60
0x00167e78	FUN_00167e78
0x00167e90	FUN_00167e90
0x00167f00	FUN_00167f00
0x00167f40	FUN_00167f40
0x00167fd8	FUN_00167fd8
0x00167fe8	FUN_00167fe8
0x001680b0	FUN_001680b0
0x001680d0	FUN_001680d0
0x001680e8	FUN_001680e8
0x00168100	FUN_00168100
0x00168120	FUN_00168120
0x00168138	FUN_00168138
0x00168140	FUN_00168140
0x00168148	FUN_00168148
0x00168160	FUN_00168160
0x00168188	FUN_00168188
0x001681e0	FUN_001681e0
0x00168270	FUN_00168270
0x00168320	FUN_00168320
0x00168390	FUN_00168390
0x00168398	FUN_00168398
0x001683b8	FUN_001683b8
0x00168440	FUN_00168440
0x00168510	FUN_00168510
0x00168578	FUN_00168578
0x00168598	FUN_00168598
0x00168738	FUN_00168738
0x00168818	FUN_00168818
0x00168858	FUN_00168858
0x001688b8	FUN_001688b8
0x001688e0	FUN_001688e0
0x00168a40	FUN_00168a40
0x00168ab0	FUN_00168ab0
0x00168c28	FUN_00168c28
0x00168e00	FUN_00168e00
0x00168e88	FUN_00168e88
0x00168f28	FUN_00168f28
0x00169000	FUN_00169000
0x001690a8	FUN_001690a8
0x00169120	FUN_00169120
0x00169248	FUN_00169248
0x001692c0	FUN_001692c0
0x00169330	FUN_00169330
0x00169348	FUN_00169348
0x00169498	FUN_00169498
0x001694e8	FUN_001694e8
0x00169538	FUN_00169538
0x001695c0	FUN_001695c0
0x00169630	FUN_00169630
0x00169690	FUN_00169690
0x001696f0	FUN_001696f0
0x001697b8	FUN_001697b8
0x00169868	FUN_00169868
0x00169900	FUN_00169900
0x001699b8	FUN_001699b8
0x00169a70	FUN_00169a70
0x00169b38	FUN_00169b38
0x00169ba8	FUN_00169ba8
0x00169c10	FUN_00169c10
0x00169c48	FUN_00169c48
0x00169d70	FUN_00169d70
0x00169d78	FUN_00169d78
0x00169e18	FUN_00169e18
0x00169e68	FUN_00169e68
0x00169e78	FUN_00169e78
0x00169f28	FUN_00169f28
0x0016a0b8	FUN_0016a0b8
0x0016a148	FUN_0016a148
0x0016a200	FUN_0016a200
0x0016a270	FUN_0016a270
0x0016a2c0	FUN_0016a2c0
0x0016a368	FUN_0016a368
0x0016a4a8	FUN_0016a4a8
0x0016a588	FUN_0016a588
0x0016a590	FUN_0016a590
0x0016a5b0	FUN_0016a5b0
0x0016a648	FUN_0016a648
0x0016a6b8	FUN_0016a6b8
0x0016a6d0	FUN_0016a6d0
0x0016a780	FUN_0016a780
0x0016a7e0	FUN_0016a7e0
0x0016a828	FUN_0016a828
0x0016a910	FUN_0016a910
0x0016a938	FUN_0016a938
0x0016a9e0	FUN_0016a9e0
0x0016aa00	FUN_0016aa00
0x0016aa70	FUN_0016aa70
0x0016ac80	FUN_0016ac80
0x0016ae28	FUN_0016ae28
0x0016ae90	FUN_0016ae90
0x0016af18	FUN_0016af18
0x0016b070	FUN_0016b070
0x0016b1d8	FUN_0016b1d8
0x0016b430	FUN_0016b430
0x0016b480	FUN_0016b480
0x0016b530	FUN_0016b530
0x0016b580	FUN_0016b580
0x0016b650	FUN_0016b650
0x0016b6e0	FUN_0016b6e0
0x0016b788	FUN_0016b788
0x0016b848	FUN_0016b848
0x0016b868	FUN_0016b868
0x0016b8b0	FUN_0016b8b0
0x0016b8c8	FUN_0016b8c8
0x0016b968	FUN_0016b968
0x0016bb20	FUN_0016bb20
0x0016bbe0	FUN_0016bbe0
0x0016bc08	FUN_0016bc08
0x0016bd80	FUN_0016bd80
0x0016bda0	FUN_0016bda0
0x0016be78	FUN_0016be78
0x0016bf08	FUN_0016bf08
0x0016c018	FUN_0016c018
0x0016c200	FUN_0016c200
0x0016c2b8	FUN_0016c2b8
0x0016c360	FUN_0016c360
0x0016c470	FUN_0016c470
0x0016c4b0	FUN_0016c4b0
0x0016c5e0	FUN_0016c5e0
0x0016c6f8	FUN_0016c6f8
0x0016c730	FUN_0016c730
0x0016c8e8	FUN_0016c8e8
0x0016c8f8	FUN_0016c8f8
0x0016c9e8	FUN_0016c9e8
0x0016ca48	FUN_0016ca48
0x0016cb10	FUN_0016cb10
0x0016cb60	FUN_0016cb60
0x0016cbb0	FUN_0016cbb0
0x0016cc38	FUN_0016cc38
0x0016cdb0	FUN_0016cdb0
0x0016cdc8	FUN_0016cdc8
0x0016cea0	FUN_0016cea0
0x0016cf10	FUN_0016cf10
0x0016d198	FUN_0016d198
0x0016d4b0	FUN_0016d4b0
0x0016d5b8	FUN_0016d5b8
0x0016d6b8	FUN_0016d6b8
0x0016d760	FUN_0016d760
0x0016d8d8	FUN_0016d8d8
0x0016d920	FUN_0016d920
0x0016d9f8	FUN_0016d9f8
0x0016da18	FUN_0016da18
0x0016dbb0	FUN_0016dbb0
0x0016dda8	FUN_0016dda8
0x0016de70	FUN_0016de70
0x0016df00	FUN_0016df00
0x0016df20	FUN_0016df20
0x0016df78	FUN_0016df78
0x0016dfb8	FUN_0016dfb8
0x0016e128	FUN_0016e128
0x0016e160	FUN_0016e160
0x0016e240	FUN_0016e240
0x0016e350	FUN_0016e350
0x0016e3a0	FUN_0016e3a0
0x0016e470	FUN_0016e470
0x0016e478	FUN_0016e478
0x0016e4e8	FUN_0016e4e8
0x0016e5d8	FUN_0016e5d8
0x0016e608	FUN_0016e608
0x0016e6a8	FUN_0016e6a8
0x0016e750	FUN_0016e750
0x0016e798	FUN_0016e798
0x0016e7e0	FUN_0016e7e0
0x0016e7f0	FUN_0016e7f0
0x0016e800	FUN_0016e800
0x0016e810	FUN_0016e810
0x0016e8b0	FUN_0016e8b0
0x0016e950	FUN_0016e950
0x0016e960	FUN_0016e960
0x0016e978	FUN_0016e978
0x0016e990	FUN_0016e990
0x0016e9b8	FUN_0016e9b8
0x0016e9e0	FUN_0016e9e0
0x0016eac8	FUN_0016eac8
0x0016ec00	FUN_0016ec00
0x0016ec20	FUN_0016ec20
0x0016ec70	FUN_0016ec70
0x0016ecd8	FUN_0016ecd8
0x0016ed40	FUN_0016ed40
0x0016ed68	FUN_0016ed68
0x0016ede0	FUN_0016ede0
0x0016ef20	FUN_0016ef20
0x0016f010	FUN_0016f010
0x0016f060	FUN_0016f060
0x0016f0e0	FUN_0016f0e0
0x0016f2e0	FUN_0016f2e0
0x0016f3e0	FUN_0016f3e0
0x0016f6f8	FUN_0016f6f8
0x0016f750	FUN_0016f750
0x0016f7a0	FUN_0016f7a0
0x0016f7b0	FUN_0016f7b0
0x0016f7c0	FUN_0016f7c0
0x0016f870	FUN_0016f870
0x0016fa88	FUN_0016fa88
0x0016fa98	FUN_0016fa98
0x0016fb00	FUN_0016fb00
0x0016fba0	FUN_0016fba0
0x0016fc20	FUN_0016fc20
0x0016fc48	FUN_0016fc48
0x0016fc70	FUN_0016fc70
0x0016fcf8	FUN_0016fcf8
0x0016fd20	FUN_0016fd20
0x0016fd48	FUN_0016fd48
0x0016fdb8	FUN_0016fdb8
0x0016fe18	FUN_0016fe18
0x0016fe60	FUN_0016fe60
0x0016ff90	FUN_0016ff90
0x001700d8	FUN_001700d8
0x001700e8	FUN_001700e8
0x00170280	FUN_00170280
0x00170298	FUN_00170298
0x001702f8	FUN_001702f8
0x00170348	FUN_00170348
0x001703d8	FUN_001703d8
0x00170468	FUN_00170468
0x001704d0	FUN_001704d0
0x001704f8	FUN_001704f8
0x00170540	FUN_00170540
0x00170550	FUN_00170550
0x001705c0	FUN_001705c0
0x00170630	FUN_00170630
0x001706a0	FUN_001706a0
0x00170700	FUN_00170700
0x00170720	FUN_00170720
0x00170748	FUN_00170748
0x001707b0	FUN_001707b0
0x00170808	FUN_00170808
0x00170860	FUN_00170860
0x00170978	FUN_00170978
0x001709a0	FUN_001709a0
0x001709b8	FUN_001709b8
0x001709e8	FUN_001709e8
0x00170aa8	FUN_00170aa8
0x00170b58	FUN_00170b58
0x00170b88	FUN_00170b88
0x00170c30	FUN_00170c30
0x00170cb8	FUN_00170cb8
0x00170d48	FUN_00170d48
0x00170de8	FUN_00170de8
0x00170e58	FUN_00170e58
0x00170e60	FUN_00170e60
0x00170ec8	FUN_00170ec8
0x00170f78	FUN_00170f78
0x001710f8	FUN_001710f8
0x001711d8	FUN_001711d8
0x00171278	FUN_00171278
0x00171330	FUN_00171330
0x001713b0	FUN_001713b0
0x00171420	FUN_00171420
0x00171490	FUN_00171490
0x00171558	FUN_00171558
0x001715b0	FUN_001715b0
0x00171640	FUN_00171640
0x00171678	FUN_00171678
0x00171738	FUN_00171738
0x001717d0	FUN_001717d0
0x001717f0	FUN_001717f0
0x00171830	FUN_00171830
0x00171a20	FUN_00171a20
0x00171a88	FUN_00171a88
0x00171ae0	FUN_00171ae0
0x00171b40	FUN_00171b40
0x00171ba8	FUN_00171ba8
0x00171c10	FUN_00171c10
0x00171c28	FUN_00171c28
0x00171cc8	FUN_00171cc8
0x00171cf0	FUN_00171cf0
0x00171d70	FUN_00171d70
0x00171d80	FUN_00171d80
0x00171da8	FUN_00171da8
0x00171e00	FUN_00171e00
0x00171e70	FUN_00171e70
0x00171e80	FUN_00171e80
0x00171e90	FUN_00171e90
0x00171ef0	FUN_00171ef0
0x001720b8	FUN_001720b8
0x00172128	FUN_00172128
0x001721a8	FUN_001721a8
0x00172210	FUN_00172210
0x00172230	FUN_00172230
0x001722b0	FUN_001722b0
0x00172320	FUN_00172320
0x00172380	FUN_00172380
0x00172398	FUN_00172398
0x00172420	FUN_00172420
0x00172498	FUN_00172498
0x00172528	FUN_00172528
0x001725a8	FUN_001725a8
0x00172620	FUN_00172620
0x001726c8	FUN_001726c8
0x00172798	FUN_00172798
0x001727b8	FUN_001727b8
0x00172800	FUN_00172800
0x00172870	FUN_00172870
0x00172928	FUN_00172928
0x00172980	FUN_00172980
0x001729e0	FUN_001729e0
0x00172ab0	FUN_00172ab0
0x00172ac8	FUN_00172ac8
0x00172af8	FUN_00172af8
0x00172b40	FUN_00172b40
0x00172ca8	FUN_00172ca8
0x00172d28	FUN_00172d28
0x00172da8	FUN_00172da8
0x00172dc8	FUN_00172dc8
0x00172e38	FUN_00172e38
0x00172ea8	FUN_00172ea8
0x00172f48	FUN_00172f48
0x00172fa0	FUN_00172fa0
0x00173048	FUN_00173048
0x001730e0	FUN_001730e0
0x001731d8	FUN_001731d8
0x00173248	FUN_00173248
0x001732d0	FUN_001732d0
0x00173340	FUN_00173340
0x001733a0	FUN_001733a0
0x00173490	FUN_00173490
0x001734d8	FUN_001734d8
0x00173560	FUN_00173560
0x00173578	FUN_00173578
0x001735b8	FUN_001735b8
0x00173670	FUN_00173670
0x001736e0	FUN_001736e0
0x00173730	FUN_00173730
0x00173780	FUN_00173780
0x00173808	FUN_00173808
0x001738a8	FUN_001738a8
0x001738b8	FUN_001738b8
0x00173990	FUN_00173990
0x00173a68	FUN_00173a68
0x00173b70	FUN_00173b70
0x00173bf0	FUN_00173bf0
0x00173c20	FUN_00173c20
0x00173cb8	FUN_00173cb8
0x00173cc8	FUN_00173cc8
0x00173cd0	FUN_00173cd0
0x00173ed0	FUN_00173ed0
0x00173f18	FUN_00173f18
0x00173f38	FUN_00173f38
0x00173fd8	FUN_00173fd8
0x00174018	FUN_00174018
0x00174080	FUN_00174080
0x001740d0	FUN_001740d0
0x00174140	FUN_00174140
0x00174178	FUN_00174178
0x001741a0	FUN_001741a0
0x001741e8	FUN_001741e8
0x00174280	FUN_00174280
0x001742c0	FUN_001742c0
0x00174340	FUN_00174340
0x00174390	FUN_00174390
0x00174408	FUN_00174408
0x00174418	FUN_00174418
0x00174490	FUN_00174490
0x00174540	FUN_00174540
0x001745b8	FUN_001745b8
0x001745d0	FUN_001745d0
0x00174620	FUN_00174620
0x00174698	FUN_00174698
0x00174730	FUN_00174730
0x00174778	FUN_00174778
0x001747d8	FUN_001747d8
0x001747f8	FUN_001747f8
0x001748f0	FUN_001748f0
0x00174940	FUN_00174940
0x001749a0	FUN_001749a0
0x001749f8	FUN_001749f8
0x00174a88	FUN_00174a88
0x00174b48	FUN_00174b48
0x00174bb0	FUN_00174bb0
0x00174c30	FUN_00174c30
0x00174c40	FUN_00174c40
0x00174ce0	FUN_00174ce0
0x00174d50	FUN_00174d50
0x00174d88	FUN_00174d88
0x00174dc0	FUN_00174dc0
0x00174f88	FUN_00174f88
0x00174fe8	FUN_00174fe8
0x00175030	FUN_00175030
0x00175068	FUN_00175068
0x001750a8	FUN_001750a8
0x00175120	FUN_00175120
0x001751b0	FUN_001751b0
0x001751e8	FUN_001751e8
0x00175220	FUN_00175220
0x001752a8	FUN_001752a8
0x00175370	FUN_00175370
0x001754c0	FUN_001754c0
0x00175538	FUN_00175538
0x00175628	FUN_00175628
0x001756c0	FUN_001756c0
0x001756c8	FUN_001756c8
0x001756d0	FUN_001756d0
0x001756f0	FUN_001756f0
0x00175730	FUN_00175730
0x001757c8	FUN_001757c8
0x001757e0	FUN_001757e0
0x00175860	FUN_00175860
0x00175918	FUN_00175918
0x00175960	FUN_00175960
0x00175a80	FUN_00175a80
0x00175b70	FUN_00175b70
0x00175c10	FUN_00175c10
0x00175cb0	FUN_00175cb0
0x00175cd0	FUN_00175cd0
0x00175cf0	FUN_00175cf0
0x00175d10	FUN_00175d10
0x00175d30	FUN_00175d30
0x00175d50	FUN_00175d50
0x00175d90	FUN_00175d90
0x00175dc8	FUN_00175dc8
0x00175e60	FUN_00175e60
0x00175eb0	FUN_00175eb0
0x00175ec8	FUN_00175ec8
0x00175ee0	FUN_00175ee0
0x00175ef8	FUN_00175ef8
0x00175f10	FUN_00175f10
0x00175f30	FUN_00175f30
0x00176010	FUN_00176010
0x00176050	FUN_00176050
0x00176058	FUN_00176058
0x00176070	FUN_00176070
0x00176088	FUN_00176088
0x001760a0	FUN_001760a0
0x001760b8	FUN_001760b8
0x001760d0	FUN_001760d0
0x001760d8	FUN_001760d8
0x00176130	FUN_00176130
0x00176598	FUN_00176598
0x001765f8	FUN_001765f8
0x00176658	FUN_00176658
0x001766c0	FUN_001766c0
0x00176820	FUN_00176820
0x00176a68	FUN_00176a68
0x00176b90	FUN_00176b90
0x00176cb0	FUN_00176cb0
0x00176cf8	FUN_00176cf8
0x00176d78	FUN_00176d78
0x00176d80	FUN_00176d80
0x00176e00	FUN_00176e00
0x00176e08	FUN_00176e08
0x00176e10	FUN_00176e10
0x00176e40	FUN_00176e40
0x00176eb8	FUN_00176eb8
0x00176ee0	FUN_00176ee0
0x00176f20	FUN_00176f20
0x00176fb8	FUN_00176fb8
0x00177010	FUN_00177010
0x00177090	FUN_00177090
0x001770d8	FUN_001770d8
0x00177158	FUN_00177158
0x00177160	FUN_00177160
0x00177198	FUN_00177198
0x00177250	FUN_00177250
0x00177278	FUN_00177278
0x00177298	FUN_00177298
0x00177328	FUN_00177328
0x00177370	FUN_00177370
0x00177438	FUN_00177438
0x00177468	FUN_00177468
0x00177478	FUN_00177478
0x00177488	FUN_00177488
0x001774a0	FUN_001774a0
0x001774b8	FUN_001774b8
0x00177508	FUN_00177508
0x00177518	FUN_00177518
0x00177560	FUN_00177560
0x00177588	FUN_00177588
0x00177678	FUN_00177678
0x001776e8	FUN_001776e8
0x001777b8	FUN_001777b8
0x00177800	FUN_00177800
0x00177870	FUN_00177870
0x001778e0	FUN_001778e0
0x00177970	FUN_00177970
0x001779c0	FUN_001779c0
0x00177a90	FUN_00177a90
0x00177ad8	FUN_00177ad8
0x00177b20	FUN_00177b20
0x00177b68	FUN_00177b68
0x00177bb0	FUN_00177bb0
0x00177c10	FUN_00177c10
0x00177c98	FUN_00177c98
0x00177ce0	FUN_00177ce0
0x00177d28	FUN_00177d28
0x00177d70	FUN_00177d70
0x00177db8	FUN_00177db8
0x00177e20	FUN_00177e20
0x00177e68	FUN_00177e68
0x00177eb0	FUN_00177eb0
0x00177ef8	FUN_00177ef8
0x00177f68	FUN_00177f68
0x00177fd8	FUN_00177fd8
0x00178030	FUN_00178030
0x00178098	FUN_00178098
0x00178118	FUN_00178118
0x00178180	FUN_00178180
0x001781e8	FUN_001781e8
0x00178250	FUN_00178250
0x001782c0	FUN_001782c0
0x00178368	FUN_00178368
0x001783d8	FUN_001783d8
0x00178440	FUN_00178440
0x001784a8	FUN_001784a8
0x00178518	FUN_00178518
0x00178588	FUN_00178588
0x001785f0	FUN_001785f0
0x00178668	FUN_00178668
0x001786e0	FUN_001786e0
0x00178768	FUN_00178768
0x001787d8	FUN_001787d8
0x00178818	FUN_00178818
0x00178858	FUN_00178858
0x001788a0	FUN_001788a0
0x001788f8	FUN_001788f8
0x00178900	FUN_00178900
0x00178958	FUN_00178958
0x001789a8	FUN_001789a8
0x001789d0	FUN_001789d0
0x001789f8	FUN_001789f8
0x00178a38	FUN_00178a38
0x00178a50	FUN_00178a50
0x00178a58	FUN_00178a58
0x00178a78	FUN_00178a78
0x00178a98	FUN_00178a98
0x00178b98	FUN_00178b98
0x00178cb0	FUN_00178cb0
0x00178ee8	FUN_00178ee8
0x00178fd8	FUN_00178fd8
0x00179028	FUN_00179028
0x001790e0	FUN_001790e0
0x00179178	FUN_00179178
0x00179290	FUN_00179290
0x00179318	FUN_00179318
0x00179508	FUN_00179508
0x001795e0	FUN_001795e0
0x001796e0	FUN_001796e0
0x00179768	FUN_00179768
0x001797b0	FUN_001797b0
0x00179890	FUN_00179890
0x00179a80	FUN_00179a80
0x00179b08	FUN_00179b08
0x00179be0	FUN_00179be0
0x00179ca0	FUN_00179ca0
0x00179d68	FUN_00179d68
0x00179df0	FUN_00179df0
0x00179ea8	FUN_00179ea8
0x0017a018	FUN_0017a018
0x0017a108	FUN_0017a108
0x0017a158	FUN_0017a158
0x0017a380	FUN_0017a380
0x0017a3c0	FUN_0017a3c0
0x0017a3e0	FUN_0017a3e0
0x0017a510	FUN_0017a510
0x0017a6a0	FUN_0017a6a0
0x0017a7b0	FUN_0017a7b0
0x0017a810	FUN_0017a810
0x0017a988	FUN_0017a988
0x0017aa40	FUN_0017aa40
0x0017aa60	FUN_0017aa60
0x0017aa80	FUN_0017aa80
0x0017ab50	FUN_0017ab50
0x0017ab70	FUN_0017ab70
0x0017ab90	FUN_0017ab90
0x0017aba8	FUN_0017aba8
0x0017abc0	FUN_0017abc0
0x0017ac28	FUN_0017ac28
0x0017ac90	FUN_0017ac90
0x0017ad90	FUN_0017ad90
0x0017ae48	FUN_0017ae48
0x0017af98	FUN_0017af98
0x0017b090	FUN_0017b090
0x0017b098	FUN_0017b098
0x0017b0a0	FUN_0017b0a0
0x0017b110	FUN_0017b110
0x0017b120	FUN_0017b120
0x0017b170	FUN_0017b170
0x0017b1c8	FUN_0017b1c8
0x0017b1e0	FUN_0017b1e0
0x0017b2f8	FUN_0017b2f8
0x0017b348	FUN_0017b348
0x0017b3e8	FUN_0017b3e8
0x0017b3f8	FUN_0017b3f8
0x0017b448	FUN_0017b448
0x0017b488	FUN_0017b488
0x0017b498	FUN_0017b498
0x0017b4c8	FUN_0017b4c8
0x0017b4d0	FUN_0017b4d0
0x0017b4d8	FUN_0017b4d8
0x0017b4e8	FUN_0017b4e8
0x0017b508	FUN_0017b508
0x0017b558	FUN_0017b558
0x0017b568	FUN_0017b568
0x0017b578	FUN_0017b578
0x0017b610	FUN_0017b610
0x0017b660	FUN_0017b660
0x0017b678	FUN_0017b678
0x0017b690	FUN_0017b690
0x0017b6b0	FUN_0017b6b0
0x0017b6c8	FUN_0017b6c8
0x0017b6e8	FUN_0017b6e8
0x0017b7c0	FUN_0017b7c0
0x0017b848	FUN_0017b848
0x0017b870	FUN_0017b870
0x0017b8a0	FUN_0017b8a0
0x0017b8b8	FUN_0017b8b8
0x0017b8d0	FUN_0017b8d0
0x0017b8e8	FUN_0017b8e8
0x0017b908	FUN_0017b908
0x0017b928	FUN_0017b928
0x0017b948	FUN_0017b948
0x0017b968	FUN_0017b968
0x0017b9c0	FUN_0017b9c0
0x0017b9c8	FUN_0017b9c8
0x0017ba20	FUN_0017ba20
0x0017ba70	FUN_0017ba70
0x0017ba80	FUN_0017ba80
0x0017baa8	FUN_0017baa8
0x0017bad0	FUN_0017bad0
0x0017bbe8	FUN_0017bbe8
0x0017bcf0	FUN_0017bcf0
0x0017bd70	FUN_0017bd70
0x0017c0e0	FUN_0017c0e0
0x0017c130	FUN_0017c130
0x0017c350	FUN_0017c350
0x0017c3a0	FUN_0017c3a0
0x0017c538	FUN_0017c538
0x0017c5a0	FUN_0017c5a0
0x0017c5d0	FUN_0017c5d0
0x0017c5e8	FUN_0017c5e8
0x0017c618	FUN_0017c618
0x0017c628	FUN_0017c628
0x0017c638	FUN_0017c638
0x0017c688	FUN_0017c688
0x0017c698	FUN_0017c698
0x0017c6b8	FUN_0017c6b8
0x0017c748	FUN_0017c748
0x0017c828	FUN_0017c828
0x0017c868	FUN_0017c868
0x0017c8a8	FUN_0017c8a8
0x0017c920	FUN_0017c920
0x0017c9e8	FUN_0017c9e8
0x0017c9f8	FUN_0017c9f8
0x0017caf0	FUN_0017caf0
0x0017cc18	FUN_0017cc18
0x0017cca0	FUN_0017cca0
0x0017cd28	FUN_0017cd28
0x0017cda8	FUN_0017cda8
0x0017ce38	FUN_0017ce38
0x0017cea8	FUN_0017cea8
0x0017cf18	FUN_0017cf18
0x0017cf98	FUN_0017cf98
0x0017d020	FUN_0017d020
0x0017d0d0	FUN_0017d0d0
0x0017d140	FUN_0017d140
0x0017d1b0	FUN_0017d1b0
0x0017d238	FUN_0017d238
0x0017d2a0	FUN_0017d2a0
0x0017d308	FUN_0017d308
0x0017d370	FUN_0017d370
0x0017d3d8	FUN_0017d3d8
0x0017d458	FUN_0017d458
0x0017d4a8	FUN_0017d4a8
0x0017d510	FUN_0017d510
0x0017d560	FUN_0017d560
0x0017d5b0	FUN_0017d5b0
0x0017d600	FUN_0017d600
0x0017d650	FUN_0017d650
0x0017d6a8	FUN_0017d6a8
0x0017d720	FUN_0017d720
0x0017d810	FUN_0017d810
0x0017d908	FUN_0017d908
0x0017da00	FUN_0017da00
0x0017da50	FUN_0017da50
0x0017dad8	FUN_0017dad8
0x0017db88	FUN_0017db88
0x0017dc48	FUN_0017dc48
0x0017dcb0	FUN_0017dcb0
0x0017df48	FUN_0017df48
0x0017e010	FUN_0017e010
0x0017e0d8	FUN_0017e0d8
0x0017e168	FUN_0017e168
0x0017e1d0	FUN_0017e1d0
0x0017e250	FUN_0017e250
0x0017e300	FUN_0017e300
0x0017e3f0	FUN_0017e3f0
0x0017e470	FUN_0017e470
0x0017e4d0	FUN_0017e4d0
0x0017e550	FUN_0017e550
0x0017e590	FUN_0017e590
0x0017e5f8	FUN_0017e5f8
0x0017e700	FUN_0017e700
0x0017e758	FUN_0017e758
0x0017e830	FUN_0017e830
0x0017e900	FUN_0017e900
0x0017eb20	FUN_0017eb20
0x0017eb98	FUN_0017eb98
0x0017ebf0	FUN_0017ebf0
0x0017ec58	FUN_0017ec58
0x0017ecc0	FUN_0017ecc0
0x0017ed20	FUN_0017ed20
0x0017ee08	FUN_0017ee08
0x0017ee60	FUN_0017ee60
0x0017f0a0	FUN_0017f0a0
0x0017f0e8	FUN_0017f0e8
0x0017f158	FUN_0017f158
0x0017f230	FUN_0017f230
0x0017f2b8	FUN_0017f2b8
0x0017f400	FUN_0017f400
0x0017f4f8	FUN_0017f4f8
0x0017f568	FUN_0017f568
0x0017f5d8	FUN_0017f5d8
0x0017f648	FUN_0017f648
0x0017f6d0	FUN_0017f6d0
0x0017f818	FUN_0017f818
0x0017f948	FUN_0017f948
0x0017faa8	FUN_0017faa8
0x0017fc10	FUN_0017fc10
0x0017fd00	FUN_0017fd00
0x0017fd28	FUN_0017fd28
0x0017fda8	FUN_0017fda8
0x0017fea0	FUN_0017fea0
0x0017ff20	FUN_0017ff20
0x0017ff80	FUN_0017ff80
0x0017ffa0	FUN_0017ffa0
0x00180038	FUN_00180038
0x00180110	FUN_00180110
0x00180160	FUN_00180160
0x001801b0	FUN_001801b0
0x00180340	FUN_00180340
0x00180400	FUN_00180400
0x00180470	FUN_00180470
0x00180790	FUN_00180790
0x001817e0	FUN_001817e0
0x001818d0	FUN_001818d0
0x001819c0	FUN_001819c0
0x00181fc0	FUN_00181fc0
0x00182190	FUN_00182190
0x00182280	FUN_00182280
0x00182460	FUN_00182460
0x00182520	FUN_00182520
0x00182590	FUN_00182590
0x00182690	FUN_00182690
0x001829c0	FUN_001829c0
0x00182b10	FUN_00182b10
0x00182b40	FUN_00182b40
0x00182ba0	FUN_00182ba0
0x00182c00	FUN_00182c00
0x00182c50	FUN_00182c50
0x00182cb0	FUN_00182cb0
0x00182ce0	FUN_00182ce0
0x00182d10	FUN_00182d10
0x00182d30	FUN_00182d30
0x00182d70	FUN_00182d70
0x00182d90	FUN_00182d90
0x00182dd0	FUN_00182dd0
0x00182de0	FUN_00182de0
0x00183220	FUN_00183220
0x00183290	FUN_00183290
0x00183350	FUN_00183350
0x00183410	FUN_00183410
0x001834d0	FUN_001834d0
0x00183680	FUN_00183680
0x00183990	FUN_00183990
0x00183b70	FUN_00183b70
0x00183be0	FUN_00183be0
0x00183c80	FUN_00183c80
0x00183c90	FUN_00183c90
0x00183d40	FUN_00183d40
0x00183e20	FUN_00183e20
0x00183ef0	FUN_00183ef0
0x00183fd0	FUN_00183fd0
0x001840a0	FUN_001840a0
0x001840d0	FUN_001840d0
0x00184100	FUN_00184100
0x00184120	FUN_00184120
0x00184140	FUN_00184140
0x00184150	FUN_00184150
0x00184170	FUN_00184170
0x001841d0	FUN_001841d0
0x00184210	FUN_00184210
0x00184270	FUN_00184270
0x00184300	FUN_00184300
0x00184370	FUN_00184370
0x001846e0	FUN_001846e0
0x00184760	FUN_00184760
0x001848e0	FUN_001848e0
0x001848f0	FUN_001848f0
0x001849b0	FUN_001849b0
0x00184a30	FUN_00184a30
0x00184ac0	FUN_00184ac0
0x00184b90	FUN_00184b90
0x00184c40	FUN_00184c40
0x00184d00	FUN_00184d00
0x00184e40	FUN_00184e40
0x00184f90	FUN_00184f90
0x001850e0	FUN_001850e0
0x00185250	FUN_00185250
0x001853e0	FUN_001853e0
0x00185570	FUN_00185570
0x00185710	FUN_00185710
0x00185790	FUN_00185790
0x00185aa0	FUN_00185aa0
0x00185bd0	FUN_00185bd0
0x00185c40	FUN_00185c40
0x00185d10	FUN_00185d10
0x00185db0	FUN_00185db0
0x00185ea0	FUN_00185ea0
0x00186210	FUN_00186210
0x00186320	FUN_00186320
0x00186350	FUN_00186350
0x00186390	FUN_00186390
0x001863e0	FUN_001863e0
0x00186510	FUN_00186510
0x00186550	FUN_00186550
0x00186610	FUN_00186610
0x00186630	FUN_00186630
0x001866d0	FUN_001866d0
0x00186770	FUN_00186770
0x00186800	FUN_00186800
0x001869d0	FUN_001869d0
0x00186ba0	FUN_00186ba0
0x00186d70	FUN_00186d70
0x00186f40	FUN_00186f40
0x001870d0	FUN_001870d0
0x00187260	FUN_00187260
0x00187400	FUN_00187400
0x001875a0	FUN_001875a0
0x00187700	FUN_00187700
0x00187750	FUN_00187750
0x001877b0	FUN_001877b0
0x00187830	FUN_00187830
0x00187910	FUN_00187910
0x00187960	FUN_00187960
0x00187a30	FUN_00187a30
0x00187ab0	FUN_00187ab0
0x00187e30	FUN_00187e30
0x00187f00	FUN_00187f00
0x00187fe0	FUN_00187fe0
0x00188070	FUN_00188070
0x001880f0	FUN_001880f0
0x00188170	FUN_00188170
0x00188240	FUN_00188240
0x001882b0	FUN_001882b0
0x00188320	FUN_00188320
0x00188380	FUN_00188380
0x00188420	FUN_00188420
0x00188530	FUN_00188530
0x00188570	FUN_00188570
0x001885d0	FUN_001885d0
0x00188600	FUN_00188600
0x001886e0	FUN_001886e0
0x00188750	FUN_00188750
0x00188980	FUN_00188980
0x001889b0	FUN_001889b0
0x00188a30	FUN_00188a30
0x00188ab0	FUN_00188ab0
0x00188ad0	FUN_00188ad0
0x00188af0	FUN_00188af0
0x00188bc0	FUN_00188bc0
0x00188c40	FUN_00188c40
0x00188d70	FUN_00188d70
0x00188e10	FUN_00188e10
0x00188eb0	FUN_00188eb0
0x00188f30	FUN_00188f30
0x00188f90	FUN_00188f90
0x00189060	FUN_00189060
0x001890a0	FUN_001890a0
0x00189120	FUN_00189120
0x001891b0	FUN_001891b0
0x00189240	FUN_00189240
0x001892b0	FUN_001892b0
0x001892d0	FUN_001892d0
0x00189320	FUN_00189320
0x00189530	FUN_00189530
0x00189560	FUN_00189560
0x00189620	FUN_00189620
0x00189670	FUN_00189670
0x001897b0	FUN_001897b0
0x00189880	FUN_00189880
0x001898a0	FUN_001898a0
0x001899c0	FUN_001899c0
0x00189a20	FUN_00189a20
0x00189bb0	FUN_00189bb0
0x00189cf0	FUN_00189cf0
0x00189db0	FUN_00189db0
0x00189f00	FUN_00189f00
0x00189fa0	FUN_00189fa0
0x00189fc0	FUN_00189fc0
0x0018a0b0	FUN_0018a0b0
0x0018a0d0	FUN_0018a0d0
0x0018a1d0	FUN_0018a1d0
0x0018a230	FUN_0018a230
0x0018a320	FUN_0018a320
0x0018a400	FUN_0018a400
0x0018a4b0	FUN_0018a4b0
0x0018a650	FUN_0018a650
0x0018a700	FUN_0018a700
0x0018a7c0	FUN_0018a7c0
0x0018aa50	FUN_0018aa50
0x0018acc0	FUN_0018acc0
0x0018af80	FUN_0018af80
0x0018b2c0	FUN_0018b2c0
0x0018b500	FUN_0018b500
0x0018b860	FUN_0018b860
0x0018bbc0	FUN_0018bbc0
0x0018bea0	FUN_0018bea0
0x0018c1e0	FUN_0018c1e0
0x0018c6e0	FUN_0018c6e0
0x0018c6f0	FUN_0018c6f0
0x0018c710	FUN_0018c710
0x0018c8d0	FUN_0018c8d0
0x0018dd30	FUN_0018dd30
0x0018dd50	FUN_0018dd50
0x0018e040	FUN_0018e040
0x0018e1c0	FUN_0018e1c0
0x0018e480	FUN_0018e480
0x0018eba0	FUN_0018eba0
0x0018ec60	FUN_0018ec60
0x0018ed30	FUN_0018ed30
0x0018eda0	FUN_0018eda0
0x0018f300	FUN_0018f300
0x0018f340	FUN_0018f340
0x0018f360	FUN_0018f360
0x0018f3a0	FUN_0018f3a0
0x0018f3c0	FUN_0018f3c0
0x0018f400	FUN_0018f400
0x0018f430	FUN_0018f430
0x0018f530	FUN_0018f530
0x0018f550	FUN_0018f550
0x0018fc50	FUN_0018fc50
0x0018fcd0	FUN_0018fcd0
0x0018fdb0	FUN_0018fdb0
0x0018fe90	FUN_0018fe90
0x0018ff70	FUN_0018ff70
0x00190010	FUN_00190010
0x00190140	FUN_00190140
0x001901f0	FUN_001901f0
0x00190360	FUN_00190360
0x001904f0	FUN_001904f0
0x001905a0	FUN_001905a0
0x001905d0	FUN_001905d0
0x00190620	FUN_00190620
0x00190740	FUN_00190740
0x00190910	FUN_00190910
0x00190a30	FUN_00190a30
0x00190c40	FUN_00190c40
0x00190d90	FUN_00190d90
0x00190ee0	FUN_00190ee0
0x00191070	FUN_00191070
0x00191230	FUN_00191230
0x001913b0	FUN_001913b0
0x001915c0	FUN_001915c0
0x00191850	FUN_00191850
0x00191a90	FUN_00191a90
0x00191d50	FUN_00191d50
0x00191f90	FUN_00191f90
0x00192250	FUN_00192250
0x001924a0	FUN_001924a0
0x00192770	FUN_00192770
0x00192990	FUN_00192990
0x00192b80	FUN_00192b80
0x00192d90	FUN_00192d90
0x00193030	FUN_00193030
0x001931b0	FUN_001931b0
0x00193280	FUN_00193280
0x00193320	FUN_00193320
0x00193380	FUN_00193380
0x00193460	FUN_00193460
0x00193670	FUN_00193670
0x00193770	FUN_00193770
0x00193970	FUN_00193970
0x00193a50	FUN_00193a50
0x00193aa0	FUN_00193aa0
0x00193c10	FUN_00193c10
0x00193d20	FUN_00193d20
0x00193d70	FUN_00193d70
0x00193ee0	FUN_00193ee0
0x00194060	FUN_00194060
0x00194240	FUN_00194240
0x001943f0	FUN_001943f0
0x00194440	FUN_00194440
0x001944e0	FUN_001944e0
0x00194600	FUN_00194600
0x00194660	FUN_00194660
0x001949e0	FUN_001949e0
0x00194cf0	FUN_00194cf0
0x00194d40	FUN_00194d40
0x00194e80	FUN_00194e80
0x00194f60	FUN_00194f60
0x00195080	FUN_00195080
0x001951c0	FUN_001951c0
0x001952a0	FUN_001952a0
0x00195310	FUN_00195310
0x001953c0	FUN_001953c0
0x00195420	FUN_00195420
0x001954b0	FUN_001954b0
0x00195500	FUN_00195500
0x00195540	FUN_00195540
0x00195640	FUN_00195640
0x00195740	FUN_00195740
0x00195780	FUN_00195780
0x001957b0	FUN_001957b0
0x001958f0	FUN_001958f0
0x001959c0	FUN_001959c0
0x00195c30	FUN_00195c30
0x00195cf0	FUN_00195cf0
0x00195e00	FUN_00195e00
0x00195eb0	FUN_00195eb0
0x00195f90	FUN_00195f90
0x00196020	FUN_00196020
0x001960e0	FUN_001960e0
0x00196f90	FUN_00196f90
0x00197570	FUN_00197570
0x00197720	FUN_00197720
0x00197810	FUN_00197810
0x00197920	FUN_00197920
0x00197930	FUN_00197930
0x00197940	FUN_00197940
0x00197950	FUN_00197950
0x00197a40	FUN_00197a40
0x00197a50	FUN_00197a50
0x00197a60	FUN_00197a60
0x00197aa0	FUN_00197aa0
0x00197ab0	FUN_00197ab0
0x00197ac0	FUN_00197ac0
0x00197ad0	FUN_00197ad0
0x00197ae0	FUN_00197ae0
0x00197af0	FUN_00197af0
0x00197b00	FUN_00197b00
0x00197b70	FUN_00197b70
0x00197cd0	FUN_00197cd0
0x00197fd0	FUN_00197fd0
0x00198090	FUN_00198090
0x001980d0	FUN_001980d0
0x00198150	FUN_00198150
0x00198310	FUN_00198310
0x00198360	FUN_00198360
0x001983d0	FUN_001983d0
0x00198500	FUN_00198500
0x00198580	FUN_00198580
0x001985f0	FUN_001985f0
0x00198660	FUN_00198660
0x00198670	FUN_00198670
0x001986d0	FUN_001986d0
0x00198820	FUN_00198820
0x001988c0	FUN_001988c0
0x001989c0	FUN_001989c0
0x00198a10	FUN_00198a10
0x00198a90	FUN_00198a90
0x00198aa0	FUN_00198aa0
0x00198b00	FUN_00198b00
0x00198b10	FUN_00198b10
0x00198b60	FUN_00198b60
0x00198ba0	FUN_00198ba0
0x00198c30	FUN_00198c30
0x00198d30	FUN_00198d30
0x00198f60	FUN_00198f60
0x00199030	FUN_00199030
0x001991f0	FUN_001991f0
0x001992b0	FUN_001992b0
0x00199360	FUN_00199360
0x00199420	FUN_00199420
0x001994f0	FUN_001994f0
0x001995a0	FUN_001995a0
0x00199660	FUN_00199660
0x00199730	FUN_00199730
0x001997b0	FUN_001997b0
0x00199830	FUN_00199830
0x00199850	FUN_00199850
0x00199890	FUN_00199890
0x001998c0	FUN_001998c0
0x00199910	FUN_00199910
0x00199940	FUN_00199940
0x00199970	FUN_00199970
0x001999e0	FUN_001999e0
0x001999f0	FUN_001999f0
0x00199a50	FUN_00199a50
0x00199ad0	FUN_00199ad0
0x00199b00	FUN_00199b00
0x00199b60	FUN_00199b60
0x00199d50	FUN_00199d50
0x00199df0	FUN_00199df0
0x00199f10	FUN_00199f10
0x00199f70	FUN_00199f70
0x0019a010	FUN_0019a010
0x0019a070	FUN_0019a070
0x0019a110	FUN_0019a110
0x0019a140	FUN_0019a140
0x0019a1e0	FUN_0019a1e0
0x0019a210	FUN_0019a210
0x0019a260	FUN_0019a260
0x0019a2f0	FUN_0019a2f0
0x0019a300	FUN_0019a300
0x0019a350	FUN_0019a350
0x0019a400	FUN_0019a400
0x0019a440	FUN_0019a440
0x0019a4c0	FUN_0019a4c0
0x0019a540	FUN_0019a540
0x0019a5a0	FUN_0019a5a0
0x0019a5e0	FUN_0019a5e0
0x0019a690	FUN_0019a690
0x0019a740	FUN_0019a740
0x0019a800	FUN_0019a800
0x0019a8e0	FUN_0019a8e0
0x0019a930	FUN_0019a930
0x0019a980	FUN_0019a980
0x0019a9c0	FUN_0019a9c0
0x0019aa00	FUN_0019aa00
0x0019aa60	FUN_0019aa60
0x0019aaf0	FUN_0019aaf0
0x0019abf0	FUN_0019abf0
0x0019ac40	FUN_0019ac40
0x0019acd0	FUN_0019acd0
0x0019b300	FUN_0019b300
0x0019b9d0	FUN_0019b9d0
0x0019bab0	FUN_0019bab0
0x0019bb00	FUN_0019bb00
0x0019bb90	FUN_0019bb90
0x0019bc80	FUN_0019bc80
0x0019bdb0	FUN_0019bdb0
0x0019bee0	FUN_0019bee0
0x0019bf10	FUN_0019bf10
0x0019bf80	FUN_0019bf80
0x0019bfe0	FUN_0019bfe0
0x0019c030	FUN_0019c030
0x0019c2d0	FUN_0019c2d0
0x0019c4f0	FUN_0019c4f0
0x0019c500	FUN_0019c500
0x0019c510	FUN_0019c510
0x0019c5f0	FUN_0019c5f0
0x0019c660	FUN_0019c660
0x0019c6e0	FUN_0019c6e0
0x0019c7c0	FUN_0019c7c0
0x0019c840	FUN_0019c840
0x0019c8b0	FUN_0019c8b0
0x0019c8e0	FUN_0019c8e0
0x0019c970	FUN_0019c970
0x0019c9b0	FUN_0019c9b0
0x0019c9d0	FUN_0019c9d0
0x0019ca20	FUN_0019ca20
0x0019cc20	FUN_0019cc20
0x0019cc50	FUN_0019cc50
0x0019cc60	FUN_0019cc60
0x0019cca0	FUN_0019cca0
0x0019ccf0	FUN_0019ccf0
0x0019cdd0	FUN_0019cdd0
0x0019ce30	FUN_0019ce30
0x0019cee0	FUN_0019cee0
0x0019d210	FUN_0019d210
0x0019d350	FUN_0019d350
0x0019d3e0	FUN_0019d3e0
0x0019d420	FUN_0019d420
0x0019d4a0	FUN_0019d4a0
0x0019d4e0	FUN_0019d4e0
0x0019dd10	FUN_0019dd10
0x0019de10	FUN_0019de10
0x0019de40	FUN_0019de40
0x0019de90	FUN_0019de90
0x0019dee0	FUN_0019dee0
0x0019df50	FUN_0019df50
0x0019e040	FUN_0019e040
0x0019e150	FUN_0019e150
0x0019e250	FUN_0019e250
0x0019e370	FUN_0019e370
0x0019e3f0	FUN_0019e3f0
0x0019e480	FUN_0019e480
0x0019e5b0	FUN_0019e5b0
0x0019e700	FUN_0019e700
0x0019e770	FUN_0019e770
0x0019e7f0	FUN_0019e7f0
0x0019e870	FUN_0019e870
0x0019e8f0	FUN_0019e8f0
0x0019e9b0	FUN_0019e9b0
0x0019eb00	FUN_0019eb00
0x0019eb60	FUN_0019eb60
0x0019ec00	FUN_0019ec00
0x0019ec60	FUN_0019ec60
0x0019eca0	FUN_0019eca0
0x0019ed80	FUN_0019ed80
0x0019ee50	FUN_0019ee50
0x0019efd0	FUN_0019efd0
0x0019f070	FUN_0019f070
0x0019f100	FUN_0019f100
0x0019f4b0	FUN_0019f4b0
0x0019f660	FUN_0019f660
0x0019f7a0	FUN_0019f7a0
0x0019f7e0	FUN_0019f7e0
0x0019f820	FUN_0019f820
0x0019fa00	FUN_0019fa00
0x0019fb00	FUN_0019fb00
0x0019fb40	FUN_0019fb40
0x0019fb80	FUN_0019fb80
0x0019fbb0	FUN_0019fbb0
0x0019fbf0	FUN_0019fbf0
0x0019fcc0	FUN_0019fcc0
0x0019fcd0	FUN_0019fcd0
0x0019fd00	FUN_0019fd00
0x0019fd10	FUN_0019fd10
0x0019fdd0	FUN_0019fdd0
0x0019fe50	FUN_0019fe50
0x0019fe90	FUN_0019fe90
0x0019fec0	FUN_0019fec0
0x0019ff30	FUN_0019ff30
0x0019ff80	FUN_0019ff80
0x001a0000	FUN_001a0000
0x001a00a0	FUN_001a00a0
0x001a0260	FUN_001a0260
0x001a02d0	FUN_001a02d0
0x001a0320	FUN_001a0320
0x001a0350	FUN_001a0350
0x001a0470	FUN_001a0470
0x001a0550	FUN_001a0550
0x001a0630	FUN_001a0630
0x001a0710	FUN_001a0710
0x001a0720	FUN_001a0720
0x001a0730	FUN_001a0730
0x001a08d0	FUN_001a08d0
0x001a09f0	FUN_001a09f0
0x001a0a50	FUN_001a0a50
0x001a0b20	FUN_001a0b20
0x001a0bf0	FUN_001a0bf0
0x001a0de0	FUN_001a0de0
0x001a0df0	FUN_001a0df0
0x001a0e40	FUN_001a0e40
0x001a0e90	FUN_001a0e90
0x001a0eb0	FUN_001a0eb0
0x001a1130	FUN_001a1130
0x001a14c0	FUN_001a14c0
0x001a1750	FUN_001a1750
0x001a19a0	FUN_001a19a0
0x001a1b00	FUN_001a1b00
0x001a1c30	FUN_001a1c30
0x001a1cd0	FUN_001a1cd0
0x001a1f50	FUN_001a1f50
0x001a1f70	FUN_001a1f70
0x001a1f90	FUN_001a1f90
0x001a1ff0	FUN_001a1ff0
0x001a2080	FUN_001a2080
0x001a2110	FUN_001a2110
0x001a21b0	FUN_001a21b0
0x001a21c0	FUN_001a21c0
0x001a2220	FUN_001a2220
0x001a2430	FUN_001a2430
0x001a2490	FUN_001a2490
0x001a2500	FUN_001a2500
0x001a2800	FUN_001a2800
0x001a2a90	FUN_001a2a90
0x001a2ef0	FUN_001a2ef0
0x001a32d0	FUN_001a32d0
0x001a32f0	FUN_001a32f0
0x001a3380	FUN_001a3380
0x001a33c0	FUN_001a33c0
0x001a3400	FUN_001a3400
0x001a3670	FUN_001a3670
0x001a37f0	FUN_001a37f0
0x001a3b60	FUN_001a3b60
0x001a3c50	FUN_001a3c50
0x001a3c90	FUN_001a3c90
0x001a3cd0	FUN_001a3cd0
0x001a3f00	FUN_001a3f00
0x001a3fd0	FUN_001a3fd0
0x001a4030	FUN_001a4030
0x001a4060	FUN_001a4060
0x001a4100	FUN_001a4100
0x001a47c0	FUN_001a47c0
0x001a4c70	FUN_001a4c70
0x001a4cd0	FUN_001a4cd0
0x001a4d90	FUN_001a4d90
0x001a5100	FUN_001a5100
0x001a5440	FUN_001a5440
0x001a5450	FUN_001a5450
0x001a5500	FUN_001a5500
0x001a5520	FUN_001a5520
0x001a5550	FUN_001a5550
0x001a56f0	FUN_001a56f0
0x001a57c0	FUN_001a57c0
0x001a59b0	FUN_001a59b0
0x001a5a50	FUN_001a5a50
0x001a5a80	FUN_001a5a80
0x001a5b60	FUN_001a5b60
0x001a5bb0	FUN_001a5bb0
0x001a5ca0	FUN_001a5ca0
0x001a5ce0	FUN_001a5ce0
0x001a5d30	FUN_001a5d30
0x001a5fa0	FUN_001a5fa0
0x001a60b0	FUN_001a60b0
0x001a6180	FUN_001a6180
0x001a64e0	FUN_001a64e0
0x001a6560	FUN_001a6560
0x001a6650	FUN_001a6650
0x001a6780	FUN_001a6780
0x001a6800	FUN_001a6800
0x001a68f0	FUN_001a68f0
0x001a6910	FUN_001a6910
0x001a6990	FUN_001a6990
0x001a69d0	FUN_001a69d0
0x001a6bf0	FUN_001a6bf0
0x001a6c60	FUN_001a6c60
0x001a6cf0	FUN_001a6cf0
0x001a6e30	FUN_001a6e30
0x001a6ec0	FUN_001a6ec0
0x001a6f10	FUN_001a6f10
0x001a6f90	FUN_001a6f90
0x001a7020	FUN_001a7020
0x001a7080	FUN_001a7080
0x001a70b0	FUN_001a70b0
0x001a70f0	FUN_001a70f0
0x001a7120	FUN_001a7120
0x001a7200	FUN_001a7200
0x001a72e0	FUN_001a72e0
0x001a73a0	FUN_001a73a0
0x001a7440	FUN_001a7440
0x001a7480	FUN_001a7480
0x001a74c0	FUN_001a74c0
0x001a75e0	FUN_001a75e0
0x001a7680	FUN_001a7680
0x001a7700	FUN_001a7700
0x001a7760	FUN_001a7760
0x001a77a0	FUN_001a77a0
0x001a7860	FUN_001a7860
0x001a78a0	FUN_001a78a0
0x001a79a0	FUN_001a79a0
0x001a79b0	FUN_001a79b0
0x001a7a80	FUN_001a7a80
0x001a7b00	FUN_001a7b00
0x001a7b60	FUN_001a7b60
0x001a7b70	FUN_001a7b70
0x001a7b80	FUN_001a7b80
0x001a7bc0	FUN_001a7bc0
0x001a7c70	FUN_001a7c70
0x001a7d20	FUN_001a7d20
0x001a7d30	FUN_001a7d30
0x001a7d90	FUN_001a7d90
0x001a7de0	FUN_001a7de0
0x001a7e20	FUN_001a7e20
0x001a7e90	FUN_001a7e90
0x001a7f40	FUN_001a7f40
0x001a7fa0	FUN_001a7fa0
0x001a8010	FUN_001a8010
0x001a8080	FUN_001a8080
0x001a8100	FUN_001a8100
0x001a8160	FUN_001a8160
0x001a81e0	FUN_001a81e0
0x001a8280	FUN_001a8280
0x001a82f0	FUN_001a82f0
0x001a8370	FUN_001a8370
0x001a83a0	FUN_001a83a0
0x001a8420	FUN_001a8420
0x001a84a0	FUN_001a84a0
0x001a8520	FUN_001a8520
0x001a85a0	FUN_001a85a0
0x001a8620	FUN_001a8620
0x001a86b0	FUN_001a86b0
0x001a8730	FUN_001a8730
0x001a8760	FUN_001a8760
0x001a87a0	FUN_001a87a0
0x001a8820	FUN_001a8820
0x001a8880	FUN_001a8880
0x001a8960	FUN_001a8960
0x001a8a00	FUN_001a8a00
0x001a8a70	FUN_001a8a70
0x001a8ac0	FUN_001a8ac0
0x001a8af0	FUN_001a8af0
0x001a8b20	FUN_001a8b20
0x001a8b80	FUN_001a8b80
0x001a8d70	FUN_001a8d70
0x001a8eb0	FUN_001a8eb0
0x001a8f20	FUN_001a8f20
0x001a9050	FUN_001a9050
0x001a92d0	FUN_001a92d0
0x001a9350	FUN_001a9350
0x001a9400	FUN_001a9400
0x001a9420	FUN_001a9420
0x001a9440	FUN_001a9440
0x001a94f0	FUN_001a94f0
0x001a9730	FUN_001a9730
0x001a9940	FUN_001a9940
0x001a9980	FUN_001a9980
0x001a99c0	FUN_001a99c0
0x001a9a10	FUN_001a9a10
0x001a9a50	FUN_001a9a50
0x001a9a90	FUN_001a9a90
0x001a9ae0	FUN_001a9ae0
0x001a9b20	FUN_001a9b20
0x001a9bb0	FUN_001a9bb0
0x001a9c30	FUN_001a9c30
0x001a9c90	FUN_001a9c90
0x001a9cd0	FUN_001a9cd0
0x001a9d30	FUN_001a9d30
0x001a9d80	FUN_001a9d80
0x001a9e70	FUN_001a9e70
0x001a9f50	FUN_001a9f50
0x001aa060	FUN_001aa060
0x001aa0b0	FUN_001aa0b0
0x001aa1f0	FUN_001aa1f0
0x001aa2c0	FUN_001aa2c0
0x001aa340	FUN_001aa340
0x001aa3a0	FUN_001aa3a0
0x001aa460	FUN_001aa460
0x001aa510	FUN_001aa510
0x001aa580	FUN_001aa580
0x001aa590	FUN_001aa590
0x001aa5f0	FUN_001aa5f0
0x001aa600	FUN_001aa600
0x001aa6c0	FUN_001aa6c0
0x001aa700	FUN_001aa700
0x001aa780	FUN_001aa780
0x001aa7b0	FUN_001aa7b0
0x001aa870	FUN_001aa870
0x001aa8c0	FUN_001aa8c0
0x001aa9d0	FUN_001aa9d0
0x001aaa90	FUN_001aaa90
0x001aaad0	FUN_001aaad0
0x001aac70	FUN_001aac70
0x001aacb0	FUN_001aacb0
0x001aad30	FUN_001aad30
0x001aadd0	FUN_001aadd0
0x001aaf70	FUN_001aaf70
0x001ab010	FUN_001ab010
0x001ab130	FUN_001ab130
0x001ab180	FUN_001ab180
0x001ab200	FUN_001ab200
0x001ab240	FUN_001ab240
0x001ab2a0	FUN_001ab2a0
0x001ab380	FUN_001ab380
0x001ab3d0	FUN_001ab3d0
0x001ab460	FUN_001ab460
0x001ab580	FUN_001ab580
0x001ab6c0	FUN_001ab6c0
0x001ab6d0	FUN_001ab6d0
0x001ab6e0	FUN_001ab6e0
0x001ab760	FUN_001ab760
0x001ab830	FUN_001ab830
0x001abc70	FUN_001abc70
0x001abdc0	FUN_001abdc0
0x001abe30	FUN_001abe30
0x001abf00	FUN_001abf00
0x001abff0	FUN_001abff0
0x001ac0b0	FUN_001ac0b0
0x001ac0e0	FUN_001ac0e0
0x001ac0f0	FUN_001ac0f0
0x001ac100	FUN_001ac100
0x001ac110	FUN_001ac110
0x001ac140	FUN_001ac140
0x001ac1a0	FUN_001ac1a0
0x001ac230	FUN_001ac230
0x001ac390	FUN_001ac390
0x001ac3c0	FUN_001ac3c0
0x001ac4f0	FUN_001ac4f0
0x001ac520	FUN_001ac520
0x001ac560	FUN_001ac560
0x001ac710	FUN_001ac710
0x001aca60	FUN_001aca60
0x001acb10	FUN_001acb10
0x001acba0	FUN_001acba0
0x001acc60	FUN_001acc60
0x001accf0	FUN_001accf0
0x001ace30	FUN_001ace30
0x001acef0	FUN_001acef0
0x001acf50	FUN_001acf50
0x001acfc0	FUN_001acfc0
0x001ad030	FUN_001ad030
0x001ad070	FUN_001ad070
0x001ad0c0	FUN_001ad0c0
0x001ad0e0	FUN_001ad0e0
0x001ad110	FUN_001ad110
0x001ad160	FUN_001ad160
0x001ad210	FUN_001ad210
0x001ad2a0	FUN_001ad2a0
0x001ad550	FUN_001ad550
0x001ad820	FUN_001ad820
0x001ad840	FUN_001ad840
0x001ad860	FUN_001ad860
0x001ad880	FUN_001ad880
0x001ad8a0	FUN_001ad8a0
0x001ad8b0	FUN_001ad8b0
0x001ad8c0	FUN_001ad8c0
0x001ad8d0	FUN_001ad8d0
0x001ad8e0	FUN_001ad8e0
0x001ad8f0	FUN_001ad8f0
0x001ad910	FUN_001ad910
0x001ad990	FUN_001ad990
0x001ad9c0	FUN_001ad9c0
0x001adba0	FUN_001adba0
0x001ade00	FUN_001ade00
0x001adf30	FUN_001adf30
0x001adfa0	FUN_001adfa0
0x001ae190	FUN_001ae190
0x001ae1a0	FUN_001ae1a0
0x001ae1b0	FUN_001ae1b0
0x001ae3e0	FUN_001ae3e0
0x001ae4b0	FUN_001ae4b0
0x001ae5e0	FUN_001ae5e0
0x001ae860	FUN_001ae860
0x001ae9b0	FUN_001ae9b0
0x001aea40	FUN_001aea40
0x001aebf0	FUN_001aebf0
0x001aec70	FUN_001aec70
0x001aef90	FUN_001aef90
0x001af0d0	FUN_001af0d0
0x001af190	FUN_001af190
0x001af220	FUN_001af220
0x001af550	FUN_001af550
0x001af570	FUN_001af570
0x001af7a0	FUN_001af7a0
0x001af800	FUN_001af800
0x001af870	FUN_001af870
0x001af8d0	FUN_001af8d0
0x001af970	FUN_001af970
0x001af990	FUN_001af990
0x001afa00	FUN_001afa00
0x001afa30	FUN_001afa30
0x001afa60	FUN_001afa60
0x001afac0	FUN_001afac0
0x001afb00	FUN_001afb00
0x001afb40	FUN_001afb40
0x001afb50	FUN_001afb50
0x001afb60	FUN_001afb60
0x001afb70	FUN_001afb70
0x001afb90	FUN_001afb90
0x001afba0	FUN_001afba0
0x001afc20	FUN_001afc20
0x001afc40	FUN_001afc40
0x001aff80	FUN_001aff80
0x001affb0	FUN_001affb0
0x001b0030	FUN_001b0030
0x001b00a0	FUN_001b00a0
0x001b00c0	FUN_001b00c0
0x001b0130	FUN_001b0130
0x001b0150	FUN_001b0150
0x001b02a0	FUN_001b02a0
0x001b0330	FUN_001b0330
0x001b0380	FUN_001b0380
0x001b04b0	FUN_001b04b0
0x001b0520	FUN_001b0520
0x001b0560	FUN_001b0560
0x001b05e0	FUN_001b05e0
0x001b0940	FUN_001b0940
0x001b0970	FUN_001b0970
0x001b0a80	FUN_001b0a80
0x001b0bb0	FUN_001b0bb0
0x001b0c00	FUN_001b0c00
0x001b0c50	FUN_001b0c50
0x001b0c70	FUN_001b0c70
0x001b0d50	FUN_001b0d50
0x001b0f70	FUN_001b0f70
0x001b10c0	FUN_001b10c0
0x001b1120	FUN_001b1120
0x001b1130	FUN_001b1130
0x001b1150	FUN_001b1150
0x001b1220	FUN_001b1220
0x001b1380	FUN_001b1380
0x001b1660	FUN_001b1660
0x001b1820	FUN_001b1820
0x001b1950	FUN_001b1950
0x001b1bc0	FUN_001b1bc0
0x001b1c50	FUN_001b1c50
0x001b1d40	FUN_001b1d40
0x001b1d60	FUN_001b1d60
0x001b1df0	FUN_001b1df0
0x001b1e50	FUN_001b1e50
0x001b1f10	FUN_001b1f10
0x001b1fb0	FUN_001b1fb0
0x001b2050	FUN_001b2050
0x001b2070	FUN_001b2070
0x001b2170	FUN_001b2170
0x001b21c0	FUN_001b21c0
0x001b21d0	FUN_001b21d0
0x001b2250	FUN_001b2250
0x001b2330	FUN_001b2330
0x001b2470	FUN_001b2470
0x001b24e0	FUN_001b24e0
0x001b2540	FUN_001b2540
0x001b25a0	FUN_001b25a0
0x001b2720	FUN_001b2720
0x001b2810	FUN_001b2810
0x001b2a60	FUN_001b2a60
0x001b2ab0	FUN_001b2ab0
0x001b2b10	FUN_001b2b10
0x001b2b20	FUN_001b2b20
0x001b2b80	FUN_001b2b80
0x001b2c00	FUN_001b2c00
0x001b2e60	FUN_001b2e60
0x001b2f70	FUN_001b2f70
0x001b3070	FUN_001b3070
0x001b30b0	FUN_001b30b0
0x001b3240	FUN_001b3240
0x001b32d0	FUN_001b32d0
0x001b3720	FUN_001b3720
0x001b3750	FUN_001b3750
0x001b38a0	FUN_001b38a0
0x001b39f0	FUN_001b39f0
0x001b3ad0	FUN_001b3ad0
0x001b3ba0	FUN_001b3ba0
0x001b3bc0	FUN_001b3bc0
0x001b3d10	FUN_001b3d10
0x001b3dc0	FUN_001b3dc0
0x001b3ea0	FUN_001b3ea0
0x001b3ef0	FUN_001b3ef0
0x001b3f70	FUN_001b3f70
0x001b3fa0	FUN_001b3fa0
0x001b3fe0	FUN_001b3fe0
0x001b41e0	FUN_001b41e0
0x001b4240	FUN_001b4240
0x001b42e0	FUN_001b42e0
0x001b48b0	FUN_001b48b0
0x001b4930	FUN_001b4930
0x001b4990	FUN_001b4990
0x001b4a00	FUN_001b4a00
0x001b4ab0	FUN_001b4ab0
0x001b4cf0	FUN_001b4cf0
0x001b4df0	FUN_001b4df0
0x001b4e40	FUN_001b4e40
0x001b4e50	FUN_001b4e50
0x001b4f70	FUN_001b4f70
0x001b50c0	FUN_001b50c0
0x001b5f58	FUN_001b5f58
0x001b5fc8	FUN_001b5fc8
0x001b6008	FUN_001b6008
0x001b6088	FUN_001b6088
0x001b60c8	FUN_001b60c8
0x001b6108	FUN_001b6108
0x001b6158	FUN_001b6158
0x001b61c0	FUN_001b61c0
0x001b6228	FUN_001b6228
0x001b6290	FUN_001b6290
0x001b62c0	FUN_001b62c0
0x001b62e0	FUN_001b62e0
0x001b6348	FUN_001b6348
0x001b63b0	FUN_001b63b0
0x001b6468	FUN_001b6468
0x001b6510	FUN_001b6510
0x001b6540	FUN_001b6540
0x001b6568	FUN_001b6568
0x001b6650	FUN_001b6650
0x001b66f0	FUN_001b66f0
0x001b6880	FUN_001b6880
0x001b6900	FUN_001b6900
0x001b6980	FUN_001b6980
0x001b6a30	FUN_001b6a30
0x001b6b20	FUN_001b6b20
0x001b6b70	FUN_001b6b70
0x001b6bc0	FUN_001b6bc0
0x001b6c10	FUN_001b6c10
0x001b6c30	FUN_001b6c30
0x001b6c50	FUN_001b6c50
0x001b6db0	FUN_001b6db0
0x001b6dd0	FUN_001b6dd0
0x001b6fb0	FUN_001b6fb0
0x001b7030	FUN_001b7030
0x001b70b0	FUN_001b70b0
0x001b71d0	FUN_001b71d0
0x001b7310	FUN_001b7310
0x001b7430	FUN_001b7430
0x001b7490	FUN_001b7490
0x001b7530	FUN_001b7530
0x001b75b0	FUN_001b75b0
0x001b76e0	FUN_001b76e0
0x001b77f0	FUN_001b77f0
0x001b7960	FUN_001b7960
0x001b7a00	FUN_001b7a00
0x001b7b50	FUN_001b7b50
0x001b7ff0	FUN_001b7ff0
0x001b84e0	FUN_001b84e0
0x001b8a80	FUN_001b8a80
0x001b8f30	FUN_001b8f30
0x001b96f0	FUN_001b96f0
0x001b99f0	FUN_001b99f0
0x001b9a40	FUN_001b9a40
0x001ba2f0	FUN_001ba2f0
0x001ba300	FUN_001ba300
0x001ba890	FUN_001ba890
0x001baa50	FUN_001baa50
0x001badf0	FUN_001badf0
0x001bb1e0	FUN_001bb1e0
0x001bb310	FUN_001bb310
0x001bb440	FUN_001bb440
0x001bb560	FUN_001bb560
0x001bb680	FUN_001bb680
0x001bb710	FUN_001bb710
0x001bb850	FUN_001bb850
0x001bbbd0	FUN_001bbbd0
0x001bbcb0	FUN_001bbcb0
0x001bbdd0	FUN_001bbdd0
0x001bc050	FUN_001bc050
0x001bc150	FUN_001bc150
0x001bc1c0	FUN_001bc1c0
0x001bc200	FUN_001bc200
0x001bc2a0	FUN_001bc2a0
0x001bc2e0	FUN_001bc2e0
0x001bc2f0	FUN_001bc2f0
0x001bc3d0	FUN_001bc3d0
0x001bc470	FUN_001bc470
0x001bc4b0	FUN_001bc4b0
0x001bc4d0	FUN_001bc4d0
0x001bc520	FUN_001bc520
0x001bc5c0	FUN_001bc5c0
0x001bc620	FUN_001bc620
0x001bc650	FUN_001bc650
0x001bc6a0	FUN_001bc6a0
0x001bc720	FUN_001bc720
0x001bc7d0	FUN_001bc7d0
0x001bc820	FUN_001bc820
0x001bc8e0	FUN_001bc8e0
0x001bca00	FUN_001bca00
0x001bcac0	FUN_001bcac0
0x001bcba0	FUN_001bcba0
0x001bcc40	FUN_001bcc40
0x001bccf0	FUN_001bccf0
0x001bcd00	FUN_001bcd00
0x001bcd10	FUN_001bcd10
0x001bcd40	FUN_001bcd40
0x001bcd80	FUN_001bcd80
0x001bcdc0	FUN_001bcdc0
0x001bce00	FUN_001bce00
0x001bce50	FUN_001bce50
0x001bcfe0	FUN_001bcfe0
0x001bd090	FUN_001bd090
0x001bd0e0	FUN_001bd0e0
0x001bd110	FUN_001bd110
0x001bd1a0	FUN_001bd1a0
0x001bd1d0	FUN_001bd1d0
0x001bd2f0	FUN_001bd2f0
0x001bd310	FUN_001bd310
0x001bd360	FUN_001bd360
0x001bd4f0	FUN_001bd4f0
0x001bd740	FUN_001bd740
0x001bd840	FUN_001bd840
0x001bd8f0	FUN_001bd8f0
0x001bd940	FUN_001bd940
0x001bdaa0	FUN_001bdaa0
0x001bdac0	FUN_001bdac0
0x001bdba0	FUN_001bdba0
0x001bdbe0	FUN_001bdbe0
0x001bdbf0	FUN_001bdbf0
0x001bdc10	FUN_001bdc10
0x001bde80	FUN_001bde80
0x001be150	FUN_001be150
0x001be1d0	FUN_001be1d0
0x001be330	FUN_001be330
0x001be6a0	FUN_001be6a0
0x001be700	FUN_001be700
0x001be790	FUN_001be790
0x001be7a0	FUN_001be7a0
0x001be8b0	FUN_001be8b0
0x001be9c0	FUN_001be9c0
0x001beb90	FUN_001beb90
0x001bef30	FUN_001bef30
0x001bef70	FUN_001bef70
0x001befc0	FUN_001befc0
0x001bf070	FUN_001bf070
0x001bf0b0	FUN_001bf0b0
0x001bf0c0	FUN_001bf0c0
0x001bf130	FUN_001bf130
0x001bf140	FUN_001bf140
0x001bf150	FUN_001bf150
0x001bf160	FUN_001bf160
0x001bf170	FUN_001bf170
0x001bf180	FUN_001bf180
0x001bf1b0	FUN_001bf1b0
0x001bf230	FUN_001bf230
0x001bf2a0	FUN_001bf2a0
0x001bf2e0	FUN_001bf2e0
0x001bf380	FUN_001bf380
0x001bf530	FUN_001bf530
0x001bf580	FUN_001bf580
0x001bf5c0	FUN_001bf5c0
0x001bf5e0	FUN_001bf5e0
0x001bf780	FUN_001bf780
0x001bf800	FUN_001bf800
0x001bfa70	FUN_001bfa70
0x001bfad0	FUN_001bfad0
0x001bfb10	FUN_001bfb10
0x001bfcc0	FUN_001bfcc0
0x001bfcd0	FUN_001bfcd0
0x001bfcf0	FUN_001bfcf0
0x001bfd00	FUN_001bfd00
0x001bfe00	FUN_001bfe00
0x001bfe10	FUN_001bfe10
0x001bfe20	FUN_001bfe20
0x001bfe30	FUN_001bfe30
0x001bfea0	FUN_001bfea0
0x001bff30	FUN_001bff30
0x001bff60	FUN_001bff60
0x001bff90	FUN_001bff90
0x001bffc0	FUN_001bffc0
0x001bfff0	FUN_001bfff0
0x001c0020	FUN_001c0020
0x001c0090	FUN_001c0090
0x001c00e0	FUN_001c00e0
0x001c00f0	FUN_001c00f0
0x001c0100	FUN_001c0100
0x001c0230	FUN_001c0230
0x001c04a0	FUN_001c04a0
0x001c0540	FUN_001c0540
0x001c0630	FUN_001c0630
0x001c0670	FUN_001c0670
0x001c0690	FUN_001c0690
0x001c08a0	FUN_001c08a0
0x001c08e0	FUN_001c08e0
0x001c0b20	FUN_001c0b20
0x001c0ca0	FUN_001c0ca0
0x001c0d60	FUN_001c0d60
0x001c0dc0	FUN_001c0dc0
0x001c0de0	FUN_001c0de0
0x001c0e60	FUN_001c0e60
0x001c0f40	FUN_001c0f40
0x001c19e0	FUN_001c19e0
0x001c2670	FUN_001c2670
0x001c2770	FUN_001c2770
0x001c2da0	FUN_001c2da0
0x001c2f30	FUN_001c2f30
0x001c2f80	FUN_001c2f80
0x001c3180	FUN_001c3180
0x001c3250	FUN_001c3250
0x001c32b0	FUN_001c32b0
0x001c3300	FUN_001c3300
0x001c3320	FUN_001c3320
0x001c3340	FUN_001c3340
0x001c3380	FUN_001c3380
0x001c33f0	FUN_001c33f0
0x001c3420	FUN_001c3420
0x001c3450	FUN_001c3450
0x001c3490	FUN_001c3490
0x001c3590	FUN_001c3590
0x001c3650	FUN_001c3650
0x001c3750	FUN_001c3750
0x001c3840	FUN_001c3840
0x001c3850	FUN_001c3850
0x001c3880	FUN_001c3880
0x001c3a60	FUN_001c3a60
0x001c3ab0	FUN_001c3ab0
0x001c3b10	FUN_001c3b10
0x001c3b90	FUN_001c3b90
0x001c3c90	FUN_001c3c90
0x001c3da0	FUN_001c3da0
0x001c3e10	FUN_001c3e10
0x001c3ea0	FUN_001c3ea0
0x001c3f40	FUN_001c3f40
0x001c4020	FUN_001c4020
0x001c4070	FUN_001c4070
0x001c4100	FUN_001c4100
0x001c42d0	FUN_001c42d0
0x001c4360	FUN_001c4360
0x001c43c0	FUN_001c43c0
0x001c4450	FUN_001c4450
0x001c4560	FUN_001c4560
0x001c45f0	FUN_001c45f0
0x001c46a0	FUN_001c46a0
0x001c4730	FUN_001c4730
0x001c48c0	FUN_001c48c0
0x001c4960	FUN_001c4960
0x001c4c80	FUN_001c4c80
0x001c4d40	FUN_001c4d40
0x001c4fb0	FUN_001c4fb0
0x001c5040	FUN_001c5040
0x001c51a0	FUN_001c51a0
0x001c5260	FUN_001c5260
0x001c5480	FUN_001c5480
0x001c5510	FUN_001c5510
0x001c5630	FUN_001c5630
0x001c56f0	FUN_001c56f0
0x001c5900	FUN_001c5900
0x001c5a20	FUN_001c5a20
0x001c5bd0	FUN_001c5bd0
0x001c5c90	FUN_001c5c90
0x001c5ea0	FUN_001c5ea0
0x001c5f30	FUN_001c5f30
0x001c6060	FUN_001c6060
0x001c6130	FUN_001c6130
0x001c6330	FUN_001c6330
0x001c63c0	FUN_001c63c0
0x001c64f0	FUN_001c64f0
0x001c65c0	FUN_001c65c0
0x001c67b0	FUN_001c67b0
0x001c6840	FUN_001c6840
0x001c69b0	FUN_001c69b0
0x001c6a50	FUN_001c6a50
0x001c6b90	FUN_001c6b90
0x001c6c60	FUN_001c6c60
0x001c6dc0	FUN_001c6dc0
0x001c6e80	FUN_001c6e80
0x001c7000	FUN_001c7000
0x001c70b0	FUN_001c70b0
0x001c7580	FUN_001c7580
0x001c7680	FUN_001c7680
0x001c7980	FUN_001c7980
0x001c7a70	FUN_001c7a70
0x001c85c0	FUN_001c85c0
0x001c8790	FUN_001c8790
0x001c8ad0	FUN_001c8ad0
0x001c8af0	FUN_001c8af0
0x001c8b60	FUN_001c8b60
0x001c8d30	FUN_001c8d30
0x001c8dd0	FUN_001c8dd0
0x001c8eb0	FUN_001c8eb0
0x001c8f50	FUN_001c8f50
0x001c9030	FUN_001c9030
0x001c91d0	FUN_001c91d0
0x001c92d0	FUN_001c92d0
0x001c94c0	FUN_001c94c0
0x001c95e0	FUN_001c95e0
0x001c9780	FUN_001c9780
0x001c9810	FUN_001c9810
0x001c9850	FUN_001c9850
0x001c9b00	FUN_001c9b00
0x001ca3a0	FUN_001ca3a0
0x001ca410	FUN_001ca410
0x001ca590	FUN_001ca590
0x001ca610	FUN_001ca610
0x001ca660	FUN_001ca660
0x001ca6b0	FUN_001ca6b0
0x001ca720	FUN_001ca720
0x001ca750	FUN_001ca750
0x001ca780	FUN_001ca780
0x001ca7d0	FUN_001ca7d0
0x001ca810	FUN_001ca810
0x001ca8c0	FUN_001ca8c0
0x001ca9d0	FUN_001ca9d0
0x001caa30	FUN_001caa30
0x001caad0	FUN_001caad0
0x001cab70	FUN_001cab70
0x001cac50	FUN_001cac50
0x001cac60	FUN_001cac60
0x001cad10	FUN_001cad10
0x001cadc0	FUN_001cadc0
0x001cae70	FUN_001cae70
0x001caed0	FUN_001caed0
0x001caf30	FUN_001caf30
0x001caf60	FUN_001caf60
0x001cb010	FUN_001cb010
0x001cb070	FUN_001cb070
0x001cb0e0	FUN_001cb0e0
0x001cb2c0	FUN_001cb2c0
0x001cb360	FUN_001cb360
0x001cb3b0	FUN_001cb3b0
0x001cb410	FUN_001cb410
0x001cb490	FUN_001cb490
0x001cb4e0	FUN_001cb4e0
0x001cb530	FUN_001cb530
0x001cb590	FUN_001cb590
0x001cb5f0	FUN_001cb5f0
0x001cb6a0	FUN_001cb6a0
0x001cb750	FUN_001cb750
0x001cb7f0	FUN_001cb7f0
0x001cba30	FUN_001cba30
0x001cba90	FUN_001cba90
0x001cbae0	FUN_001cbae0
0x001cbbb0	FUN_001cbbb0
0x001cbc20	FUN_001cbc20
0x001cbc30	FUN_001cbc30
0x001cbc40	FUN_001cbc40
0x001cbcb0	FUN_001cbcb0
0x001cbd20	FUN_001cbd20
0x001cbda0	FUN_001cbda0
0x001cbe50	FUN_001cbe50
0x001cbf80	FUN_001cbf80
0x001cc010	FUN_001cc010
0x001cc090	FUN_001cc090
0x001cc100	FUN_001cc100
0x001cc170	FUN_001cc170
0x001ccb10	FUN_001ccb10
0x001ccb80	FUN_001ccb80
0x001ccd50	FUN_001ccd50
0x001cce80	FUN_001cce80
0x001cd010	FUN_001cd010
0x001cd160	FUN_001cd160
0x001cd2e0	FUN_001cd2e0
0x001cd470	FUN_001cd470
0x001cd4c0	FUN_001cd4c0
0x001cd500	FUN_001cd500
0x001cd570	FUN_001cd570
0x001cd620	FUN_001cd620
0x001cd6f0	FUN_001cd6f0
0x001cd7c0	FUN_001cd7c0
0x001cd820	FUN_001cd820
0x001cda90	FUN_001cda90
0x001cdb60	FUN_001cdb60
0x001cdbb0	FUN_001cdbb0
0x001cdc00	FUN_001cdc00
0x001cdc70	FUN_001cdc70
0x001cdd30	FUN_001cdd30
0x001cde00	FUN_001cde00
0x001ce070	FUN_001ce070
0x001ce090	FUN_001ce090
0x001ce2d0	FUN_001ce2d0
0x001ce360	FUN_001ce360
0x001ce420	FUN_001ce420
0x001ce4b0	FUN_001ce4b0
0x001ce550	FUN_001ce550
0x001ce5b0	FUN_001ce5b0
0x001ce600	FUN_001ce600
0x001ce670	FUN_001ce670
0x001ce6d0	FUN_001ce6d0
0x001ce740	FUN_001ce740
0x001ce810	FUN_001ce810
0x001ce890	FUN_001ce890
0x001ce970	FUN_001ce970
0x001ceda0	FUN_001ceda0
0x001cee20	FUN_001cee20
0x001cef80	FUN_001cef80
0x001cf020	FUN_001cf020
0x001cf0b0	FUN_001cf0b0
0x001cf100	FUN_001cf100
0x001cf150	FUN_001cf150
0x001cf2b0	FUN_001cf2b0
0x001cf360	FUN_001cf360
0x001cf3e0	FUN_001cf3e0
0x001cf570	FUN_001cf570
0x001cf6a0	FUN_001cf6a0
0x001cf7c0	FUN_001cf7c0
0x001cf8e0	FUN_001cf8e0
0x001cfa30	FUN_001cfa30
0x001cfb30	FUN_001cfb30
0x001cfc90	FUN_001cfc90
0x001d0040	FUN_001d0040
0x001d0230	FUN_001d0230
0x001d0400	FUN_001d0400
0x001d0510	FUN_001d0510
0x001d06d0	FUN_001d06d0
0x001d09c0	FUN_001d09c0
0x001d09e0	FUN_001d09e0
0x001d0a10	FUN_001d0a10
0x001d0a50	FUN_001d0a50
0x001d0b00	FUN_001d0b00
0x001d0b90	FUN_001d0b90
0x001d0c00	FUN_001d0c00
0x001d0c90	FUN_001d0c90
0x001d0d50	FUN_001d0d50
0x001d0e90	FUN_001d0e90
0x001d0f00	FUN_001d0f00
0x001d0fe0	FUN_001d0fe0
0x001d1050	FUN_001d1050
0x001d1110	FUN_001d1110
0x001d12c0	FUN_001d12c0
0x001d13d0	FUN_001d13d0
0x001d1410	FUN_001d1410
0x001d1500	FUN_001d1500
0x001d1530	FUN_001d1530
0x001d1610	FUN_001d1610
0x001d1640	FUN_001d1640
0x001d1680	FUN_001d1680
0x001d16b0	FUN_001d16b0
0x001d16f0	FUN_001d16f0
0x001d1740	FUN_001d1740
0x001d1960	FUN_001d1960
0x001d1b80	FUN_001d1b80
0x001d1d90	FUN_001d1d90
0x001d1e40	FUN_001d1e40
0x001d2170	FUN_001d2170
0x001d2290	FUN_001d2290
0x001d24c0	FUN_001d24c0
0x001d26f0	FUN_001d26f0
0x001d2900	FUN_001d2900
0x001d2970	FUN_001d2970
0x001d2b30	FUN_001d2b30
0x001d2bd0	FUN_001d2bd0
0x001d2e00	FUN_001d2e00
0x001d2e90	FUN_001d2e90
0x001d2f20	FUN_001d2f20
0x001d3020	FUN_001d3020
0x001d30b0	FUN_001d30b0
0x001d30f0	FUN_001d30f0
0x001d3130	FUN_001d3130
0x001d31b0	FUN_001d31b0
0x001d3240	FUN_001d3240
0x001d3310	FUN_001d3310
0x001d33d0	FUN_001d33d0
0x001d3500	FUN_001d3500
0x001d35d0	FUN_001d35d0
0x001d3ac0	FUN_001d3ac0
0x001d3b40	FUN_001d3b40
0x001d3df0	FUN_001d3df0
0x001d3f60	FUN_001d3f60
0x001d3fd0	FUN_001d3fd0
0x001d40e0	FUN_001d40e0
0x001d4170	FUN_001d4170
0x001d41c0	FUN_001d41c0
0x001d4200	FUN_001d4200
0x001d4230	FUN_001d4230
0x001d4250	FUN_001d4250
0x001d42e0	FUN_001d42e0
0x001d4380	FUN_001d4380
0x001d4450	FUN_001d4450
0x001d44d0	FUN_001d44d0
0x001d44f0	FUN_001d44f0
0x001d4630	FUN_001d4630
0x001d46a0	FUN_001d46a0
0x001d46ec	FUN_001d46ec
0x001d4d24	FUN_001d4d24
0x001d4de0	FUN_001d4de0
0x001d4e7c	FUN_001d4e7c
0x001d4fa4	FUN_001d4fa4
0x001d507c	FUN_001d507c
0x001d5138	FUN_001d5138
0x001d51e0	FUN_001d51e0
0x001d5260	FUN_001d5260
0x001d5288	FUN_001d5288
0x001d533c	FUN_001d533c
0x001d5378	FUN_001d5378
0x001d53cc	FUN_001d53cc
0x001d5460	FUN_001d5460
0x001d5688	FUN_001d5688
0x001d5768	FUN_001d5768
0x001d5ae4	FUN_001d5ae4
0x001d63b8	FUN_001d63b8
0x001d6468	FUN_001d6468
0x001d6988	FUN_001d6988
0x001d6dfc	FUN_001d6dfc
0x001d6ee0	FUN_001d6ee0
0x001d7104	FUN_001d7104
0x001d72a8	FUN_001d72a8
0x001d7ab0	FUN_001d7ab0
0x001d7b30	FUN_001d7b30
0x001d7d20	FUN_001d7d20
0x001d7f6c	FUN_001d7f6c
0x001d8048	FUN_001d8048
0x001d80c8	FUN_001d80c8
0x001d81a4	FUN_001d81a4
0x001d8394	FUN_001d8394
0x001d84cc	FUN_001d84cc
0x001d861c	FUN_001d861c
0x001d8710	FUN_001d8710
0x001d8848	FUN_001d8848
0x001d891c	FUN_001d891c
0x001d89f8	FUN_001d89f8
0x001d8ab0	FUN_001d8ab0
0x001d8b60	FUN_001d8b60
0x001d8c10	FUN_001d8c10
0x001d8cc0	FUN_001d8cc0
0x001d8d70	FUN_001d8d70
0x001d8e20	FUN_001d8e20
0x001d8ed8	FUN_001d8ed8
0x001d8f58	FUN_001d8f58
0x001d90ec	FUN_001d90ec
0x001d91c0	FUN_001d91c0
0x001d9354	FUN_001d9354
0x001d93d4	FUN_001d93d4
0x001d94b0	FUN_001d94b0
0x001d9550	FUN_001d9550
0x001d9678	FUN_001d9678
0x001d9b6c	FUN_001d9b6c
0x001d9f78	FUN_001d9f78
0x001db7e8	FUN_001db7e8
0x001dbd0c	FUN_001dbd0c
0x001dbdd0	FUN_001dbdd0
0x001dbe60	FUN_001dbe60
0x001dbefc	FUN_001dbefc
0x001dc0b8	FUN_001dc0b8
0x001dc310	FUN_001dc310
0x001dc508	FUN_001dc508
0x001dc804	FUN_001dc804
0x001dc9fc	FUN_001dc9fc
0x001dcbf4	FUN_001dcbf4
0x001dcdfc	FUN_001dcdfc
0x001dd07c	FUN_001dd07c
0x001dd1dc	FUN_001dd1dc
0x001dd33c	FUN_001dd33c
0x001dd5f8	FUN_001dd5f8
0x001dd840	FUN_001dd840
0x001dda88	FUN_001dda88
0x001ddc60	FUN_001ddc60
0x001ddda0	FUN_001ddda0
0x001ddee8	FUN_001ddee8
0x001de0c0	FUN_001de0c0
0x001de298	FUN_001de298
0x001de470	FUN_001de470
0x001de648	FUN_001de648
0x001de840	FUN_001de840
0x001de9e8	FUN_001de9e8
0x001ded08	FUN_001ded08
0x001df044	FUN_001df044
0x001df1d8	FUN_001df1d8
0x001df380	FUN_001df380
0x001df66c	FUN_001df66c
0x001df9a8	FUN_001df9a8
0x001dfad0	FUN_001dfad0
0x001dfbf8	FUN_001dfbf8
0x001dfda0	FUN_001dfda0
0x001dff7c	FUN_001dff7c
0x001e0188	FUN_001e0188
0x001e0358	FUN_001e0358
0x001e0428	FUN_001e0428
0x001e04f8	FUN_001e04f8
0x001e05c8	FUN_001e05c8
0x001e0774	FUN_001e0774
0x001e094c	FUN_001e094c
0x001e0ed8	FUN_001e0ed8
0x001e1468	FUN_001e1468
0x001e14e8	FUN_001e14e8
0x001e1590	FUN_001e1590
0x001e1608	FUN_001e1608
0x001e16b4	FUN_001e16b4
0x001e180c	FUN_001e180c
0x001e19c4	FUN_001e19c4
0x001e1ac8	FUN_001e1ac8
0x001e1c10	FUN_001e1c10
0x001e1d88	FUN_001e1d88
0x001e1dd0	FUN_001e1dd0
0x001e1e4c	FUN_001e1e4c
0x001e2010	FUN_001e2010
0x001e2058	FUN_001e2058
0x001e20a0	FUN_001e20a0
0x001e2304	FUN_001e2304
0x001e234c	FUN_001e234c
0x001e2394	FUN_001e2394
0x001e23dc	FUN_001e23dc
0x001e2424	FUN_001e2424
0x001e2610	FUN_001e2610
0x001e2654	FUN_001e2654
0x001e270c	FUN_001e270c
0x001e2928	FUN_001e2928
0x001e2a28	FUN_001e2a28
0x001e2a90	FUN_001e2a90
0x001e2b3c	FUN_001e2b3c
0x001e2c7c	FUN_001e2c7c
0x001e2ffc	FUN_001e2ffc
0x001e3100	FUN_001e3100
0x001e332c	FUN_001e332c
0x001e34dc	FUN_001e34dc
0x001e366c	FUN_001e366c
0x001e3880	FUN_001e3880
0x001e3a3c	FUN_001e3a3c
0x001e3ba8	FUN_001e3ba8
0x001e3f98	FUN_001e3f98
0x001e40b0	FUN_001e40b0
0x001e41d0	FUN_001e41d0
0x001e41fc	FUN_001e41fc
0x001e4728	FUN_001e4728
0x001e4bec	FUN_001e4bec
0x001e4ec8	FUN_001e4ec8
0x001e4fd8	FUN_001e4fd8
0x001e5104	FUN_001e5104
0x001e5234	FUN_001e5234
0x001e5538	FUN_001e5538
0x001e56c8	FUN_001e56c8
0x001e5854	FUN_001e5854
0x001e5934	FUN_001e5934
0x001e5a00	FUN_001e5a00
0x001ea784	FUN_001ea784
0x001ea804	FUN_001ea804
0x001ea8e8	FUN_001ea8e8
0x001eaaa8	FUN_001eaaa8
0x001eabc0	FUN_001eabc0
0x001eac0c	FUN_001eac0c
0x001ead70	FUN_001ead70
0x001eaddc	FUN_001eaddc
0x001eaf30	FUN_001eaf30
0x001eb088	FUN_001eb088
0x001eb1b0	FUN_001eb1b0
0x001eb22c	FUN_001eb22c
0x001eb2d4	FUN_001eb2d4
0x001eb2fc	FUN_001eb2fc
0x001eb33c	FUN_001eb33c
0x001eb37c	FUN_001eb37c
0x001eb3b8	FUN_001eb3b8
0x001eb434	FUN_001eb434
0x001eb4dc	FUN_001eb4dc
0x001eb5ac	FUN_001eb5ac
0x001eb688	FUN_001eb688
0x001eb784	FUN_001eb784
0x001eb858	FUN_001eb858
0x001eb888	FUN_001eb888
0x001eb8d0	FUN_001eb8d0
0x001eb918	FUN_001eb918
0x001eb9a0	FUN_001eb9a0
0x001eba40	FUN_001eba40
0x001ebae0	FUN_001ebae0
0x001ebb90	FUN_001ebb90
0x001ebbd0	FUN_001ebbd0
0x001ebc10	FUN_001ebc10
0x001ebc4c	FUN_001ebc4c
0x001ebc74	FUN_001ebc74
0x001ebca8	FUN_001ebca8
0x001ebcd0	FUN_001ebcd0
0x001ebd04	FUN_001ebd04
0x001ebd2c	FUN_001ebd2c
0x001ebd54	FUN_001ebd54
0x001ebd7c	FUN_001ebd7c
0x001ebda4	FUN_001ebda4
0x001ebdcc	FUN_001ebdcc
0x001ebe28	FUN_001ebe28
0x001ebe64	FUN_001ebe64
0x001ebed0	FUN_001ebed0
0x001ec1f8	FUN_001ec1f8
0x001ec9e0	FUN_001ec9e0
0x001eccb0	FUN_001eccb0
0x001eccd8	FUN_001eccd8
0x001ecd28	FUN_001ecd28
0x001ecdc0	FUN_001ecdc0
0x001ed034	FUN_001ed034
0x001ed0bc	FUN_001ed0bc
0x001ed168	FUN_001ed168
0x001ed21c	FUN_001ed21c
0x001ed270	FUN_001ed270
0x001ed2c0	FUN_001ed2c0
0x001ed360	FUN_001ed360
0x001ed3f4	FUN_001ed3f4
0x001ed41c	FUN_001ed41c
0x001ed44c	FUN_001ed44c
0x001ed474	FUN_001ed474
0x001ed4a4	FUN_001ed4a4
0x001ed4cc	FUN_001ed4cc
0x001ed4fc	FUN_001ed4fc
0x001ed524	FUN_001ed524
0x001ed554	FUN_001ed554
0x001ed584	FUN_001ed584
0x001ed5ac	FUN_001ed5ac
0x001ed5dc	FUN_001ed5dc
0x001ed60c	FUN_001ed60c
0x001ed634	FUN_001ed634
0x001ed664	FUN_001ed664
0x001ed68c	FUN_001ed68c
0x001ed6bc	FUN_001ed6bc
0x001ed6ec	FUN_001ed6ec
0x001ed74c	FUN_001ed74c
0x001ed7e0	FUN_001ed7e0
0x001ed864	FUN_001ed864
0x001ed924	FUN_001ed924
0x001eda10	FUN_001eda10
0x001eda5c	FUN_001eda5c
0x001edad0	FUN_001edad0
0x001edbb8	FUN_001edbb8
0x001edd9c	FUN_001edd9c
0x001edfd0	FUN_001edfd0
0x001ee024	FUN_001ee024
0x001ee060	FUN_001ee060
0x001ee110	FUN_001ee110
0x001ee150	FUN_001ee150
0x001ee160	FUN_001ee160
0x001ee190	FUN_001ee190
0x001ee1a0	FUN_001ee1a0
0x001ee1e0	FUN_001ee1e0
0x001ee360	FUN_001ee360
0x001ee3b0	FUN_001ee3b0
0x001ee3f0	FUN_001ee3f0
0x001ee430	FUN_001ee430
0x001ee560	FUN_001ee560
0x001ee590	FUN_001ee590
0x001ee5f0	FUN_001ee5f0
0x001ee650	FUN_001ee650
0x001ee680	FUN_001ee680
0x001ee6e0	FUN_001ee6e0
0x001ee720	FUN_001ee720
0x001ee770	FUN_001ee770
0x001ee7c0	FUN_001ee7c0
0x001ee810	FUN_001ee810
0x001ee860	FUN_001ee860
0x001ee8d0	FUN_001ee8d0
0x001ee900	FUN_001ee900
0x001ee930	FUN_001ee930
0x001ee9b0	FUN_001ee9b0
0x001ee9d0	FUN_001ee9d0
0x001eea10	FUN_001eea10
0x001eeb00	FUN_001eeb00
0x001eeb30	FUN_001eeb30
0x001eeb50	FUN_001eeb50
0x001eed60	FUN_001eed60
0x001eed90	FUN_001eed90
0x001eedc0	FUN_001eedc0
0x001eedf0	FUN_001eedf0
0x001eee30	FUN_001eee30
0x001eee60	FUN_001eee60
0x001eee90	FUN_001eee90
0x001eeec0	FUN_001eeec0
0x001eef00	FUN_001eef00
0x001eef50	FUN_001eef50
0x001eef80	FUN_001eef80
0x001eefb0	FUN_001eefb0
0x001ef000	FUN_001ef000
0x001ef040	FUN_001ef040
0x001ef070	FUN_001ef070
0x001ef0a0	FUN_001ef0a0
0x001ef0d0	FUN_001ef0d0
0x001ef100	FUN_001ef100
0x001ef130	FUN_001ef130
0x001ef160	FUN_001ef160
0x001ef190	FUN_001ef190
0x001ef1c0	FUN_001ef1c0
0x001ef230	FUN_001ef230
0x001ef2b0	FUN_001ef2b0
0x001ef2e0	FUN_001ef2e0
0x001ef310	FUN_001ef310
0x001ef3e0	FUN_001ef3e0
0x001ef3f0	FUN_001ef3f0
0x001ef400	FUN_001ef400
0x001ef4a0	FUN_001ef4a0
0x001ef4f0	FUN_001ef4f0
0x001ef540	FUN_001ef540
0x001ef5c0	FUN_001ef5c0
0x001ef610	FUN_001ef610
0x001ef690	FUN_001ef690
0x001ef710	FUN_001ef710
0x001ef770	FUN_001ef770
0x001ef7d0	FUN_001ef7d0
0x001ef830	FUN_001ef830
0x001ef8d0	FUN_001ef8d0
0x001ef9a0	FUN_001ef9a0
0x001efa70	FUN_001efa70
0x001efb80	FUN_001efb80
0x001efc90	FUN_001efc90
0x001efcf0	FUN_001efcf0
0x001efda0	FUN_001efda0
0x001efe00	FUN_001efe00
0x001efe70	FUN_001efe70
0x001efee0	FUN_001efee0
0x001eff60	FUN_001eff60
0x001f0070	FUN_001f0070
0x001f0230	FUN_001f0230
0x001f0290	FUN_001f0290
0x001f02e0	FUN_001f02e0
0x001f0330	FUN_001f0330
0x001f0450	FUN_001f0450
0x001f04a0	FUN_001f04a0
0x001f0560	FUN_001f0560
0x001f05c0	FUN_001f05c0
0x001f0650	FUN_001f0650
0x001f06a0	FUN_001f06a0
0x001f06f0	FUN_001f06f0
0x001f0750	FUN_001f0750
0x001f07a0	FUN_001f07a0
0x001f07f0	FUN_001f07f0
0x001f0840	FUN_001f0840
0x001f0890	FUN_001f0890
0x001f0920	FUN_001f0920
0x001f0980	FUN_001f0980
0x001f09f0	FUN_001f09f0
0x001f0a80	FUN_001f0a80
0x001f0ad0	FUN_001f0ad0
0x001f0b40	FUN_001f0b40
0x001f0bf0	FUN_001f0bf0
0x001f0c40	FUN_001f0c40
0x001f0cb0	FUN_001f0cb0
0x001f0d10	FUN_001f0d10
0x001f0d90	FUN_001f0d90
0x001f0df0	FUN_001f0df0
0x001f0eb0	FUN_001f0eb0
0x001f0f10	FUN_001f0f10
0x001f0f60	FUN_001f0f60
0x001f0f70	FUN_001f0f70
0x001f0f80	FUN_001f0f80
0x001f11c0	FUN_001f11c0
0x001f1210	FUN_001f1210
0x001f1300	FUN_001f1300
0x001f13b0	FUN_001f13b0
0x001f15b0	FUN_001f15b0
0x001f1810	FUN_001f1810
0x001f18b0	FUN_001f18b0
0x001f1b90	FUN_001f1b90
0x001f1d10	FUN_001f1d10
0x001f1e40	FUN_001f1e40
0x001f1e80	FUN_001f1e80
0x001f1f40	FUN_001f1f40
0x001f1f80	FUN_001f1f80
0x001f1f90	FUN_001f1f90
0x001f1fe0	FUN_001f1fe0
0x001f21d8	FUN_001f21d8
0x001f22a0	FUN_001f22a0
0x001f2348	FUN_001f2348
0x001f2428	FUN_001f2428
0x001f2508	FUN_001f2508
0x001f25e0	FUN_001f25e0
0x001f26e0	FUN_001f26e0
0x001f2728	FUN_001f2728
0x001f2778	FUN_001f2778
0x001f27c8	FUN_001f27c8
0x001f2868	FUN_001f2868
0x001f2878	FUN_001f2878
0x001f28e0	FUN_001f28e0
0x001f2938	FUN_001f2938
0x001f2eb0	FUN_001f2eb0
0x001f2f00	FUN_001f2f00
0x001f2f20	FUN_001f2f20
0x001f2f40	FUN_001f2f40
0x001f2fc8	FUN_001f2fc8
0x001f2ff8	FUN_001f2ff8
0x001f3068	FUN_001f3068
0x001f30d0	FUN_001f30d0
0x001f3220	FUN_001f3220
0x001f3378	FUN_001f3378
0x001f33e8	FUN_001f33e8
0x001f3458	FUN_001f3458
0x001f35c0	FUN_001f35c0
0x001f3640	FUN_001f3640
0x001f37d0	FUN_001f37d0
0x001f3800	FUN_001f3800
0x001f3a10	FUN_001f3a10
0x001f3a70	FUN_001f3a70
0x001f3ab0	FUN_001f3ab0
0x001f3cd0	FUN_001f3cd0
0x001f3dc0	FUN_001f3dc0
0x001f3f00	FUN_001f3f00
0x001f3fc0	FUN_001f3fc0
0x001f40b0	FUN_001f40b0
0x001f41f0	FUN_001f41f0
0x001f4290	FUN_001f4290
0x001f4330	FUN_001f4330
0x001f4340	FUN_001f4340
0x001f4510	FUN_001f4510
0x001f45e0	FUN_001f45e0
0x001f4630	FUN_001f4630
0x001f4680	FUN_001f4680
0x001f46b0	FUN_001f46b0
0x001f46e0	FUN_001f46e0
0x001f4720	FUN_001f4720
0x001f4770	FUN_001f4770
0x001f4810	FUN_001f4810
0x001f4980	FUN_001f4980
0x001f4a40	FUN_001f4a40
0x001f4ca0	FUN_001f4ca0
0x001f4d50	FUN_001f4d50
0x001f50c0	FUN_001f50c0
0x001f51b0	FUN_001f51b0
0x001f51f0	FUN_001f51f0
0x001f5260	FUN_001f5260
0x001f52d0	FUN_001f52d0
0x001f5440	FUN_001f5440
0x001f54b0	FUN_001f54b0
0x001f5520	FUN_001f5520
0x001f5620	FUN_001f5620
0x001f5630	FUN_001f5630
0x001f5650	FUN_001f5650
0x001f5660	FUN_001f5660
0x001f5760	FUN_001f5760
0x001f58b8	FUN_001f58b8
0x001f5a88	FUN_001f5a88
0x001f5ad8	FUN_001f5ad8
0x001f5b08	FUN_001f5b08
0x001f5bd8	FUN_001f5bd8
0x001f5ca0	FUN_001f5ca0
0x001f5dc8	FUN_001f5dc8
0x001f5e00	FUN_001f5e00
0x001f5ec0	FUN_001f5ec0
0x001f6038	FUN_001f6038
0x001f6150	FUN_001f6150
0x001f62c8	FUN_001f62c8
0x001f6390	FUN_001f6390
0x001f63e8	FUN_001f63e8
0x001f6568	FUN_001f6568
0x001f65d8	FUN_001f65d8
0x001f6728	FUN_001f6728
0x001f68f8	FUN_001f68f8
0x001f69c8	FUN_001f69c8
0x001f6ae8	FUN_001f6ae8
0x001f6ba8	FUN_001f6ba8
0x001f6d78	FUN_001f6d78
0x001f6ed8	FUN_001f6ed8
0x001f6fa8	FUN_001f6fa8
0x00209b30	FUN_00209b30
0x0020a1e0	FUN_0020a1e0
0x0020a3c0	FUN_0020a3c0
0x0020a490	FUN_0020a490
0x0020a818	FUN_0020a818
0x0020a920	FUN_0020a920
0x0020aa60	FUN_0020aa60
0x0020ac00	FUN_0020ac00
0x0020ac48	FUN_0020ac48
